stamp,raw_flow_attempts,raw_flow_success,raw_flow_after_f,enhanced_flow_attempts,enhanced_flow_success,enhanced_flow_after_f,enhanced_before_bnr,enhanced_removed_bnr,enhanced_after_bnr,published
1403638518.2778294,0,0,0,0,0,0,0,0,0,0
1403638518.3278296,0,0,0,0,0,0,0,0,0,0
1403638518.3778296,0,0,0,0,0,0,84,0,84,1
1403638518.4278295,68,68,68,84,84,84,0,0,0,0
1403638518.4778295,68,68,68,84,84,84,150,0,150,1
1403638518.5278296,150,150,150,150,150,150,0,0,0,0
1403638518.5778294,150,150,150,150,150,150,150,0,150,1
1403638518.6278296,150,150,150,150,150,150,0,0,0,0
1403638518.6778295,150,150,150,150,150,150,150,0,150,1
1403638518.7278297,150,150,150,150,150,150,0,0,0,0
1403638518.7778294,150,150,150,150,150,150,150,0,150,1
1403638518.8278296,150,150,150,150,150,150,0,0,0,0
1403638518.8778296,150,150,150,150,150,150,150,0,150,1
1403638518.9278295,150,150,150,150,150,150,0,0,0,0
1403638518.9778295,150,150,150,150,150,150,150,0,150,1
1403638519.0278296,150,150,150,150,150,150,0,0,0,0
1403638519.0778294,150,150,150,150,150,150,150,0,150,1
1403638519.1278296,150,150,150,150,150,150,0,0,0,0
1403638519.1778295,150,150,150,150,150,150,150,0,150,1
1403638519.2278297,150,150,150,150,150,150,0,0,0,0
1403638519.2778294,150,150,150,150,150,150,150,0,150,1
1403638519.3278296,150,150,150,150,150,150,0,0,0,0
1403638519.3778296,150,150,150,150,150,150,150,0,150,1
1403638519.4278295,150,150,150,150,150,150,0,0,0,0
1403638519.4778295,150,150,150,150,150,150,150,0,150,1
1403638519.5278296,150,150,150,150,150,150,0,0,0,0
1403638519.5778294,150,150,150,150,150,150,150,0,150,1
1403638519.6278296,150,150,150,150,150,150,0,0,0,0
1403638519.6778295,150,150,150,150,150,150,150,0,150,1
1403638519.7278297,150,150,150,150,150,150,0,0,0,0
1403638519.7778294,150,150,150,150,150,150,150,0,150,1
1403638519.8278296,150,150,150,150,150,150,0,0,0,0
1403638519.8778296,150,150,150,150,150,150,150,0,150,1
1403638519.9278295,150,150,150,150,150,150,0,0,0,0
1403638519.9778295,150,150,150,150,150,150,150,0,150,1
1403638520.0278296,150,150,150,150,150,150,0,0,0,0
1403638520.0778294,150,150,150,150,150,150,150,0,150,1
1403638520.1278296,150,150,150,150,150,150,0,0,0,0
1403638520.1778295,150,150,150,150,150,150,150,0,150,1
1403638520.2278297,150,150,150,150,150,150,0,0,0,0
1403638520.2778294,150,150,150,150,150,150,150,0,150,1
1403638520.3278296,150,150,150,150,150,150,0,0,0,0
1403638520.3778296,150,150,150,150,150,150,150,0,150,1
1403638520.4278295,150,150,150,150,150,150,0,0,0,0
1403638520.4778295,150,150,150,150,150,150,150,0,150,1
1403638520.5278296,150,150,150,150,150,150,0,0,0,0
1403638520.5778294,150,150,150,150,150,150,150,0,150,1
1403638520.6278296,150,150,150,150,150,150,0,0,0,0
1403638520.6778295,150,150,150,150,150,150,150,0,150,1
1403638520.7278297,150,150,150,150,150,150,0,0,0,0
1403638520.7778294,150,150,150,150,150,150,150,0,150,1
1403638520.8278296,150,150,150,150,150,150,0,0,0,0
1403638520.8778296,150,150,150,150,150,150,150,0,150,1
1403638520.9278295,150,150,150,150,150,150,0,0,0,0
1403638520.9778295,150,150,150,150,150,150,150,0,150,1
1403638521.0278296,150,150,150,150,150,150,0,0,0,0
1403638521.0778294,150,150,150,150,150,150,150,0,150,1
1403638521.1278296,150,150,150,150,150,150,0,0,0,0
1403638521.1778295,150,150,150,150,150,150,150,0,150,1
1403638521.2278297,150,150,150,150,150,150,0,0,0,0
1403638521.2778294,150,150,150,150,150,150,150,0,150,1
1403638521.3278296,150,150,150,150,150,150,0,0,0,0
1403638521.3778296,150,150,150,150,150,149,150,0,150,1
1403638521.4278295,150,150,150,150,150,150,0,0,0,0
1403638521.4778295,150,150,150,150,150,150,150,0,150,1
1403638521.5278296,150,150,150,150,150,150,0,0,0,0
1403638521.5778294,150,150,150,150,149,148,150,0,150,1
1403638521.6278296,150,150,150,150,150,150,0,0,0,0
1403638521.6778295,150,150,150,150,150,149,150,0,150,1
1403638521.7278297,150,150,150,150,150,150,0,0,0,0
1403638521.7778294,150,150,150,150,150,150,150,0,150,1
1403638521.8278296,150,150,150,150,150,150,0,0,0,0
1403638521.8778296,150,150,150,150,150,150,150,0,150,1
1403638521.9278295,150,150,150,150,149,149,0,0,0,0
1403638521.9778295,150,150,149,149,149,144,145,0,145,1
1403638522.0278296,150,149,149,145,145,145,0,0,0,0
1403638522.0778294,149,147,142,145,143,128,145,0,145,1
1403638522.1278296,144,141,141,145,142,142,0,0,0,0
1403638522.1778295,141,135,101,142,141,103,132,0,132,1
1403638522.2278297,106,102,102,132,130,130,0,0,0,0
1403638522.2778294,102,96,75,130,129,82,122,0,122,1
1403638522.3278296,85,77,77,122,119,119,0,0,0,0
1403638522.3778296,77,72,46,119,110,72,104,3,101,1
1403638522.4278295,58,56,56,101,99,99,0,0,0,0
1403638522.4778295,56,55,39,99,97,66,121,1,120,1
1403638522.5278296,55,54,54,120,113,113,0,0,0,0
1403638522.5778294,54,52,43,113,104,70,114,0,114,1
1403638522.6278296,72,65,65,114,111,111,0,0,0,0
1403638522.6778295,65,61,45,111,108,83,130,0,130,1
1403638522.7278297,58,56,56,130,122,122,0,0,0,0
1403638522.7778294,56,56,46,122,121,97,143,0,143,1
1403638522.8278296,56,56,56,143,140,140,0,0,0,0
1403638522.8778296,56,54,51,140,135,97,150,0,150,1
1403638522.9278295,93,88,88,150,146,146,0,0,0,0
1403638522.9778295,88,87,73,146,144,123,150,0,150,1
1403638523.0278296,98,96,96,150,147,147,0,0,0,0
1403638523.0778294,96,95,79,147,147,124,150,0,150,1
1403638523.1278296,103,101,101,150,148,148,0,0,0,0
1403638523.1778295,101,100,92,148,147,136,150,5,145,1
1403638523.2278297,109,108,108,145,144,144,0,0,0,0
1403638523.2778294,108,106,92,144,142,130,150,0,150,1
1403638523.3278296,116,114,114,150,147,147,0,0,0,0
1403638523.3778296,114,114,99,147,147,128,150,0,150,1
1403638523.4278295,109,106,106,150,150,150,0,0,0,0
1403638523.4778295,106,104,88,150,144,120,150,0,150,1
1403638523.5278296,108,105,105,150,145,145,0,0,0,0
1403638523.5778294,105,103,66,145,141,108,128,0,128,1
1403638523.6278296,79,77,77,128,124,124,0,0,0,0
1403638523.6778295,77,74,63,124,116,93,128,0,128,1
1403638523.7278297,98,94,94,128,124,124,0,0,0,0
1403638523.7778294,94,92,67,124,121,89,120,0,120,1
1403638523.8278296,73,72,72,120,116,116,0,0,0,0
1403638523.8778296,72,72,57,116,116,80,109,0,109,1
1403638523.9278295,73,73,73,109,108,108,0,0,0,0
1403638523.9778295,73,72,48,108,107,69,92,0,92,1
1403638524.0278296,61,61,61,92,90,90,0,0,0,0
1403638524.0778294,61,60,51,90,89,71,137,0,137,1
1403638524.1278296,96,93,93,137,135,135,0,0,0,0
1403638524.1778295,93,88,68,135,130,109,128,0,128,1
1403638524.2278297,82,77,77,128,123,123,0,0,0,0
1403638524.2778294,77,73,55,123,117,79,116,0,116,1
1403638524.3278296,83,76,76,116,109,109,0,0,0,0
1403638524.3778296,76,69,47,109,102,66,113,0,113,1
1403638524.4278295,70,68,68,113,108,108,0,0,0,0
1403638524.4778295,68,64,51,108,106,82,132,0,132,1
1403638524.5278296,84,83,83,132,129,129,0,0,0,0
1403638524.5778294,83,80,62,129,126,101,129,0,129,1
1403638524.6278296,74,74,74,129,127,127,0,0,0,0
1403638524.6778295,74,72,68,127,122,94,143,5,138,1
1403638524.7278297,81,77,77,138,134,134,0,0,0,0
1403638524.7778294,77,76,69,134,129,108,150,0,150,1
1403638524.8278296,88,87,87,150,149,149,0,0,0,0
1403638524.8778296,87,86,72,149,146,125,150,0,150,1
1403638524.9278295,103,101,101,150,149,149,0,0,0,0
1403638524.9778295,101,98,93,149,145,138,150,0,150,1
1403638525.0278296,127,126,126,150,149,149,0,0,0,0
1403638525.0778294,126,126,114,149,148,141,150,0,150,1
1403638525.1278296,128,128,128,150,150,150,0,0,0,0
1403638525.1778295,128,128,108,150,150,134,150,3,147,1
1403638525.2278297,128,127,127,147,146,146,0,0,0,0
1403638525.2778294,127,123,103,146,140,115,150,0,150,1
1403638525.3278296,118,114,114,150,146,146,0,0,0,0
1403638525.3778296,114,112,73,146,141,106,143,0,143,1
1403638525.4278295,82,80,80,143,136,136,0,0,0,0
1403638525.4778295,80,77,64,136,129,95,107,0,107,1
1403638525.5278296,69,65,65,107,105,105,0,0,0,0
1403638525.5778294,65,63,56,105,100,78,136,0,136,1
1403638525.6278296,92,89,89,136,134,134,0,0,0,0
1403638525.6778295,89,88,64,134,134,98,139,0,139,1
1403638525.7278297,83,81,81,139,137,137,0,0,0,0
1403638525.7778294,81,81,59,137,136,91,124,0,124,1
1403638525.8278296,80,80,80,124,120,120,0,0,0,0
1403638525.8778296,80,79,58,120,118,87,114,0,114,1
1403638525.9278295,69,68,68,114,113,113,0,0,0,0
1403638525.9778295,68,68,57,113,113,87,122,0,122,1
1403638526.0278296,74,74,74,122,122,122,0,0,0,0
1403638526.0778294,74,73,66,122,119,113,148,0,148,1
1403638526.1278296,73,70,70,148,143,143,0,0,0,0
1403638526.1778295,70,70,53,143,139,109,134,0,134,1
1403638526.2278297,66,65,65,134,128,128,0,0,0,0
1403638526.2778294,65,62,53,128,124,89,124,0,124,1
1403638526.3278296,68,67,67,124,119,119,0,0,0,0
1403638526.3778296,67,66,49,119,114,80,121,0,121,1
1403638526.4278295,69,67,67,121,119,119,0,0,0,0
1403638526.4778295,67,63,52,119,114,98,124,0,124,1
1403638526.5278296,65,61,61,124,120,120,0,0,0,0
1403638526.5778294,61,60,51,120,118,90,133,0,133,1
1403638526.6278296,81,79,79,133,130,130,0,0,0,0
1403638526.6778295,79,78,60,130,129,97,121,0,121,1
1403638526.7278297,76,75,75,121,120,120,0,0,0,0
1403638526.7778294,75,75,65,120,117,100,135,0,135,1
1403638526.8278296,75,74,74,135,132,132,0,0,0,0
1403638526.8778296,74,74,62,132,128,99,123,0,123,1
1403638526.9278295,69,67,67,123,122,122,0,0,0,0
1403638526.9778295,67,67,58,122,116,94,131,0,131,1
1403638527.0278296,72,70,70,131,124,124,0,0,0,0
1403638527.0778294,70,69,55,124,120,90,134,0,134,1
1403638527.1278296,82,81,81,134,129,129,0,0,0,0
1403638527.1778295,81,78,58,129,128,90,135,0,135,1
1403638527.2278297,65,64,64,135,131,131,0,0,0,0
1403638527.2778294,64,63,54,131,126,91,130,3,127,1
1403638527.3278296,72,70,70,127,125,125,0,0,0,0
1403638527.3778296,70,68,62,125,120,101,126,0,126,1
1403638527.4278295,86,79,79,126,123,123,0,0,0,0
1403638527.4778295,79,78,72,123,120,110,130,0,130,1
1403638527.5278296,82,81,81,130,129,129,0,0,0,0
1403638527.5778294,81,81,69,129,129,115,136,1,135,1
1403638527.6278296,86,86,86,135,135,135,0,0,0,0
1403638527.6778295,86,84,73,135,135,117,136,0,136,1
1403638527.7278297,85,79,79,136,132,132,0,0,0,0
1403638527.7778294,79,77,62,132,130,111,139,0,139,1
1403638527.8278296,74,73,73,139,138,138,0,0,0,0
1403638527.8778296,73,73,62,138,138,114,136,0,136,1
1403638527.9278295,78,77,77,136,135,135,0,0,0,0
1403638527.9778295,77,76,69,135,135,110,141,4,137,1
1403638528.0278296,80,80,80,137,137,137,0,0,0,0
1403638528.0778294,80,80,67,137,136,102,130,1,129,1
1403638528.1278296,72,72,72,129,126,126,0,0,0,0
1403638528.1778295,72,70,64,126,125,110,136,0,136,1
1403638528.2278297,77,76,76,136,133,133,0,0,0,0
1403638528.2778294,76,73,66,133,132,122,136,0,136,1
1403638528.3278296,93,90,90,136,133,133,0,0,0,0
1403638528.3778296,90,88,71,133,130,111,127,0,127,1
1403638528.4278295,86,85,85,127,126,126,0,0,0,0
1403638528.4778295,85,85,75,126,124,112,143,0,143,1
1403638528.5278296,86,85,85,143,142,142,0,0,0,0
1403638528.5778294,85,85,76,142,136,118,147,0,147,1
1403638528.6278296,87,84,84,147,144,144,0,0,0,0
1403638528.6778295,84,82,77,144,138,118,136,0,136,1
1403638528.7278297,94,91,91,136,134,134,0,0,0,0
1403638528.7778294,91,89,76,134,132,119,147,0,147,1
1403638528.8278296,89,89,89,147,147,147,0,0,0,0
1403638528.8778296,89,89,82,147,145,122,145,0,145,1
1403638528.9278295,95,95,95,145,143,143,0,0,0,0
1403638528.9778295,95,92,81,143,143,132,150,0,150,1
1403638529.0278296,96,95,95,150,148,148,0,0,0,0
1403638529.0778294,95,95,90,148,147,138,150,4,146,1
1403638529.1278296,105,105,105,146,143,143,0,0,0,0
1403638529.1778295,105,104,92,143,143,122,150,0,150,1
1403638529.2278297,102,96,96,150,148,148,0,0,0,0
1403638529.2778294,96,96,63,148,146,115,150,0,150,1
1403638529.3278296,77,74,74,150,147,147,0,0,0,0
1403638529.3778296,74,69,59,147,146,111,150,0,150,1
1403638529.4278295,80,75,75,150,143,143,0,0,0,0
1403638529.4778295,75,72,58,143,136,97,120,0,120,1
1403638529.5278296,74,71,71,120,118,118,0,0,0,0
1403638529.5778294,71,67,51,118,113,89,102,0,102,1
1403638529.6278296,69,67,67,102,99,99,0,0,0,0
1403638529.6778295,67,67,48,99,99,77,114,0,114,1
1403638529.7278297,66,65,65,114,113,113,0,0,0,0
1403638529.7778294,65,64,44,113,113,75,112,0,112,1
1403638529.8278296,61,61,61,112,110,110,0,0,0,0
1403638529.8778296,61,60,43,110,109,75,115,0,115,1
1403638529.9278295,63,63,63,115,114,114,0,0,0,0
1403638529.9778295,63,63,46,114,114,89,115,0,115,1
1403638530.0278296,69,69,69,115,114,114,0,0,0,0
1403638530.0778294,69,68,58,114,113,85,109,0,109,1
1403638530.1278296,108,104,104,109,104,104,0,0,0,0
1403638530.1778295,104,99,90,104,103,85,110,0,110,1
1403638530.2278297,97,94,94,110,106,106,0,0,0,0
1403638530.2778294,94,93,76,106,105,89,103,0,103,1
1403638530.3278296,80,79,79,103,101,101,0,0,0,0
1403638530.3778296,79,77,69,101,99,81,99,0,99,1
1403638530.4278295,73,72,72,99,98,98,0,0,0,0
1403638530.4778295,72,71,67,98,95,84,103,0,103,1
1403638530.5278296,71,70,70,103,101,101,0,0,0,0
1403638530.5778294,70,70,61,101,99,86,96,0,96,1
1403638530.6278296,66,66,66,96,96,96,0,0,0,0
1403638530.6778295,66,64,56,96,93,77,116,0,116,1
1403638530.7278297,62,61,61,116,114,114,0,0,0,0
1403638530.7778294,61,59,49,114,110,80,101,0,101,1
1403638530.8278296,69,67,67,101,99,99,0,0,0,0
1403638530.8778296,67,67,60,99,97,76,99,0,99,1
1403638530.9278295,70,70,70,99,98,98,0,0,0,0
1403638530.9778295,70,70,67,98,98,95,117,0,117,1
1403638531.0278296,128,127,127,117,117,117,0,0,0,0
1403638531.0778294,127,125,124,117,115,104,114,0,114,1
1403638531.1278296,150,149,149,114,114,114,0,0,0,0
1403638531.1778295,149,149,147,114,114,102,108,0,108,1
1403638531.2278297,143,142,142,108,108,108,0,0,0,0
1403638531.2778294,142,142,133,108,108,99,121,0,121,1
1403638531.3278296,141,138,138,121,121,121,0,0,0,0
1403638531.3778296,138,138,128,121,120,112,131,0,131,1
1403638531.4278295,138,138,138,131,131,131,0,0,0,0
1403638531.4778295,138,138,137,131,131,129,148,0,148,1
1403638531.5278296,150,150,150,148,148,148,0,0,0,0
1403638531.5778294,150,150,150,148,148,147,148,0,148,1
1403638531.6278296,150,150,150,148,148,148,0,0,0,0
1403638531.6778295,150,149,149,148,148,146,150,0,150,1
1403638531.7278297,150,150,150,150,150,150,0,0,0,0
1403638531.7778294,150,150,150,150,150,149,150,0,150,1
1403638531.8278296,150,150,150,150,150,150,0,0,0,0
1403638531.8778296,150,150,150,150,150,149,150,0,150,1
1403638531.9278295,150,150,150,150,150,150,0,0,0,0
1403638531.9778295,150,150,150,150,150,149,150,0,150,1
1403638532.0278296,150,150,150,150,150,150,0,0,0,0
1403638532.0778294,150,150,150,150,150,150,150,0,150,1
1403638532.1278296,149,149,149,150,150,150,0,0,0,0
1403638532.1778295,149,149,149,150,150,150,150,0,150,1
1403638532.2278297,150,150,150,150,150,150,0,0,0,0
1403638532.2778294,150,150,150,150,150,150,150,0,150,1
1403638532.3278296,150,150,150,150,150,150,0,0,0,0
1403638532.3778296,150,150,150,150,150,149,150,0,150,1
1403638532.4278295,150,150,150,150,150,150,0,0,0,0
1403638532.4778295,150,150,150,150,150,150,150,0,150,1
1403638532.5278296,150,150,150,150,150,150,0,0,0,0
1403638532.5778294,150,150,150,150,150,149,150,0,150,1
1403638532.6278296,150,150,150,150,150,150,0,0,0,0
1403638532.6778295,150,150,150,150,150,150,150,0,150,1
1403638532.7278297,150,150,150,150,150,150,0,0,0,0
1403638532.7778294,150,150,150,150,150,150,150,0,150,1
1403638532.8278296,150,150,150,150,150,150,0,0,0,0
1403638532.8778296,150,150,150,150,150,150,150,0,150,1
1403638532.9278295,150,150,150,150,150,150,0,0,0,0
1403638532.9778295,150,150,150,150,150,150,150,0,150,1
1403638533.0278296,150,150,150,150,149,149,0,0,0,0
1403638533.0778294,150,150,150,149,149,149,150,0,150,1
1403638533.1278296,150,150,150,150,150,150,0,0,0,0
1403638533.1778295,150,150,150,150,150,150,150,0,150,1
1403638533.2278297,150,150,150,150,150,150,0,0,0,0
1403638533.2778294,150,150,150,150,150,149,150,0,150,1
1403638533.3278296,150,150,150,150,150,150,0,0,0,0
1403638533.3778296,150,150,150,150,150,150,150,0,150,1
1403638533.4278295,150,150,150,150,150,150,0,0,0,0
1403638533.4778295,150,150,150,150,150,150,150,0,150,1
1403638533.5278296,150,150,150,150,150,150,0,0,0,0
1403638533.5778294,150,150,150,150,150,150,150,0,150,1
1403638533.6278296,150,150,150,150,150,150,0,0,0,0
1403638533.6778295,150,150,150,150,150,150,150,0,150,1
1403638533.7278297,150,150,150,150,150,150,0,0,0,0
1403638533.7778294,150,150,150,150,150,150,150,0,150,1
1403638533.8278296,150,150,150,150,150,150,0,0,0,0
1403638533.8778296,150,150,148,150,150,150,150,0,150,1
1403638533.9278295,150,150,150,150,150,150,0,0,0,0
1403638533.9778295,150,149,137,150,150,148,150,0,150,1
1403638534.0278296,145,145,145,150,150,150,0,0,0,0
1403638534.0778294,145,145,139,150,150,149,150,0,150,1
1403638534.1278296,150,150,150,150,150,150,0,0,0,0
1403638534.1778295,150,150,146,150,150,148,150,0,150,1
1403638534.2278297,150,150,150,150,150,150,0,0,0,0
1403638534.2778294,150,150,149,150,150,150,150,0,150,1
1403638534.3278296,150,150,150,150,150,150,0,0,0,0
1403638534.3778296,150,150,144,150,150,147,150,0,150,1
1403638534.4278295,150,150,150,150,150,150,0,0,0,0
1403638534.4778295,150,149,133,150,150,149,150,0,150,1
1403638534.5278296,150,150,150,150,150,150,0,0,0,0
1403638534.5778294,150,149,133,150,150,142,148,0,148,1
1403638534.6278296,150,149,149,148,148,148,0,0,0,0
1403638534.6778295,149,149,139,148,148,146,150,0,150,1
1403638534.7278297,150,150,150,150,150,150,0,0,0,0
1403638534.7778294,150,150,150,150,150,149,150,0,150,1
1403638534.8278296,150,150,150,150,150,150,0,0,0,0
1403638534.8778296,150,150,150,150,150,150,150,0,150,1
1403638534.9278295,150,150,150,150,150,150,0,0,0,0
1403638534.9778295,150,150,150,150,150,150,150,0,150,1
1403638535.0278296,150,150,150,150,150,150,0,0,0,0
1403638535.0778294,150,150,150,150,150,150,150,0,150,1
1403638535.1278296,150,150,150,150,150,150,0,0,0,0
1403638535.1778295,150,150,150,150,150,150,150,0,150,1
1403638535.2278297,150,150,150,150,150,150,0,0,0,0
1403638535.2778294,150,150,150,150,150,150,150,0,150,1
1403638535.3278296,150,150,150,150,150,150,0,0,0,0
1403638535.3778296,150,150,150,150,150,150,150,0,150,1
1403638535.4278295,150,150,150,150,150,150,0,0,0,0
1403638535.4778295,150,150,150,150,150,150,150,0,150,1
1403638535.5278296,150,150,150,150,150,150,0,0,0,0
1403638535.5778294,150,150,150,150,150,150,150,0,150,1
1403638535.6278296,150,150,150,150,150,150,0,0,0,0
1403638535.6778295,150,150,150,150,150,150,150,0,150,1
1403638535.7278297,150,150,150,150,150,150,0,0,0,0
1403638535.7778294,150,150,150,150,150,150,150,0,150,1
1403638535.8278296,150,150,150,150,150,150,0,0,0,0
1403638535.8778296,150,150,150,150,150,150,150,0,150,1
1403638535.9278295,150,150,150,150,150,150,0,0,0,0
1403638535.9778295,150,150,150,150,150,150,150,0,150,1
1403638536.0278296,150,150,150,150,150,150,0,0,0,0
1403638536.0778294,150,150,150,150,150,149,150,0,150,1
1403638536.1278296,150,150,150,150,150,150,0,0,0,0
1403638536.1778295,150,150,150,150,150,150,150,0,150,1
1403638536.2278297,150,150,150,150,150,150,0,0,0,0
1403638536.2778294,150,150,150,150,150,150,150,0,150,1
1403638536.3278296,150,150,150,150,150,150,0,0,0,0
1403638536.3778296,150,150,150,150,150,149,150,0,150,1
1403638536.4278295,150,150,150,150,150,150,0,0,0,0
1403638536.4778295,150,150,150,150,150,149,150,0,150,1
1403638536.5278296,150,150,150,150,150,150,0,0,0,0
1403638536.5778294,150,150,150,150,150,150,150,0,150,1
1403638536.6278296,150,150,150,150,150,150,0,0,0,0
1403638536.6778295,150,150,150,150,150,150,150,0,150,1
1403638536.7278297,150,150,150,150,150,150,0,0,0,0
1403638536.7778294,150,150,150,150,150,150,150,0,150,1
1403638536.8278296,150,150,150,150,150,150,0,0,0,0
1403638536.8778296,150,150,150,150,150,150,150,0,150,1
1403638536.9278295,150,150,150,150,150,150,0,0,0,0
1403638536.9778295,150,150,150,150,150,150,150,0,150,1
1403638537.0278296,150,150,150,150,150,150,0,0,0,0
1403638537.0778294,150,150,150,150,150,150,150,0,150,1
1403638537.1278296,150,150,150,150,150,150,0,0,0,0
1403638537.1778295,150,150,150,150,150,150,150,0,150,1
1403638537.2278297,150,150,150,150,150,150,0,0,0,0
1403638537.2778294,150,150,149,150,150,150,150,0,150,1
1403638537.3278296,150,150,150,150,150,150,0,0,0,0
1403638537.3778296,150,150,150,150,150,149,150,0,150,1
1403638537.4278295,150,150,150,150,150,150,0,0,0,0
1403638537.4778295,150,150,150,150,150,150,150,0,150,1
1403638537.5278296,150,150,150,150,150,150,0,0,0,0
1403638537.5778294,150,150,150,150,150,150,150,0,150,1
1403638537.6278296,150,150,150,150,149,149,0,0,0,0
1403638537.6778295,150,150,150,149,149,149,150,0,150,1
1403638537.7278297,150,150,150,150,150,150,0,0,0,0
1403638537.7778294,150,150,150,150,150,150,150,0,150,1
1403638537.8278296,150,150,150,150,150,150,0,0,0,0
1403638537.8778296,150,150,150,150,150,150,150,0,150,1
1403638537.9278295,150,150,150,150,150,150,0,0,0,0
1403638537.9778295,150,150,150,150,150,150,150,0,150,1
1403638538.0278296,150,150,150,150,150,150,0,0,0,0
1403638538.0778294,150,150,150,150,150,149,150,0,150,1
1403638538.1278296,150,150,150,150,150,150,0,0,0,0
1403638538.1778295,150,150,150,150,150,150,150,0,150,1
1403638538.2278297,150,150,150,150,150,150,0,0,0,0
1403638538.2778294,150,150,150,150,150,150,150,0,150,1
1403638538.3278296,150,150,150,150,150,150,0,0,0,0
1403638538.3778296,150,150,150,150,150,150,150,0,150,1
1403638538.4278295,150,150,150,150,150,150,0,0,0,0
1403638538.4778295,150,150,150,150,150,150,150,0,150,1
1403638538.5278296,150,150,150,150,150,150,0,0,0,0
1403638538.5778294,150,150,150,150,150,150,150,0,150,1
1403638538.6278296,150,150,150,150,150,150,0,0,0,0
1403638538.6778295,150,150,150,150,150,149,150,0,150,1
1403638538.7278297,150,149,149,150,150,150,0,0,0,0
1403638538.7778294,149,148,148,150,150,147,150,5,145,1
1403638538.8278296,150,150,150,145,145,145,0,0,0,0
1403638538.8778296,150,146,138,145,142,134,141,0,141,1
1403638538.9278295,150,144,144,141,132,132,0,0,0,0
1403638538.9778295,144,139,115,132,128,99,122,0,122,1
1403638539.0278296,131,122,122,122,116,116,0,0,0,0
1403638539.0778294,122,113,88,116,105,85,108,0,108,1
1403638539.1278296,89,83,83,108,102,102,0,0,0,0
1403638539.1778295,83,79,53,102,94,58,99,0,99,1
1403638539.2278297,71,63,63,99,91,91,0,0,0,0
1403638539.2778294,63,60,47,91,88,61,95,3,92,1
1403638539.3278296,57,54,54,92,85,85,0,0,0,0
1403638539.3778296,54,51,43,85,85,66,102,0,102,1
1403638539.4278295,64,64,64,102,101,101,0,0,0,0
1403638539.4778295,64,63,48,101,97,79,114,2,112,1
1403638539.5278296,66,66,66,112,107,107,0,0,0,0
1403638539.5778294,66,66,51,107,107,87,123,0,123,1
1403638539.6278296,69,69,69,123,122,122,0,0,0,0
1403638539.6778295,69,67,59,122,120,101,141,0,141,1
1403638539.7278297,100,96,96,141,138,138,0,0,0,0
1403638539.7778294,96,94,82,138,136,122,145,8,137,1
1403638539.8278296,87,86,86,137,135,135,0,0,0,0
1403638539.8778296,86,86,76,135,131,113,150,0,150,1
1403638539.9278295,98,95,95,150,146,146,0,0,0,0
1403638539.9778295,95,95,83,146,143,112,148,4,144,1
1403638540.0278296,89,88,88,144,136,136,0,0,0,0
1403638540.0778294,88,83,74,136,132,105,145,0,145,1
1403638540.1278296,86,81,81,145,135,135,0,0,0,0
1403638540.1778295,81,81,75,135,132,110,140,0,140,1
1403638540.2278297,81,81,81,140,137,137,0,0,0,0
1403638540.2778294,81,77,72,137,127,110,146,0,146,1
1403638540.3278296,86,85,85,146,138,138,0,0,0,0
1403638540.3778296,85,82,63,138,138,115,150,0,150,1
1403638540.4278295,92,91,91,150,145,145,0,0,0,0
1403638540.4778295,91,89,65,145,145,120,150,0,150,1
1403638540.5278296,100,100,100,150,148,148,0,0,0,0
1403638540.5778294,100,99,91,148,147,135,150,2,148,1
1403638540.6278296,113,110,110,148,143,143,0,0,0,0
1403638540.6778295,110,108,101,143,143,129,150,0,150,1
1403638540.7278297,116,115,115,150,146,146,0,0,0,0
1403638540.7778294,115,111,100,146,142,130,148,0,148,1
1403638540.8278296,111,106,106,148,141,141,0,0,0,0
1403638540.8778296,106,102,98,141,138,124,143,0,143,1
1403638540.9278295,134,126,126,143,139,139,0,0,0,0
1403638540.9778295,126,124,114,139,133,121,150,0,150,1
1403638541.0278296,125,122,122,150,143,143,0,0,0,0
1403638541.0778294,122,121,119,143,142,128,148,0,148,1
1403638541.1278296,129,127,127,148,145,145,0,0,0,0
1403638541.1778295,127,124,122,145,141,135,150,0,150,1
1403638541.2278297,130,126,126,150,148,148,0,0,0,0
1403638541.2778294,126,123,121,148,146,137,149,0,149,1
1403638541.3278296,126,124,124,149,147,147,0,0,0,0
1403638541.3778296,124,121,115,147,146,141,150,0,150,1
1403638541.4278295,129,126,126,150,150,150,0,0,0,0
1403638541.4778295,126,123,122,150,148,146,150,0,150,1
1403638541.5278296,135,133,133,150,150,150,0,0,0,0
1403638541.5778294,133,132,129,150,148,133,150,0,150,1
1403638541.6278296,132,132,132,150,149,149,0,0,0,0
1403638541.6778295,132,131,122,149,148,124,150,0,150,1
1403638541.7278297,128,127,127,150,148,148,0,0,0,0
1403638541.7778294,127,122,114,148,144,127,150,0,150,1
1403638541.8278296,134,127,127,150,143,143,0,0,0,0
1403638541.8778296,127,127,116,143,140,119,148,0,148,1
1403638541.9278295,124,124,124,148,143,143,0,0,0,0
1403638541.9778295,124,124,113,143,138,113,142,0,142,1
1403638542.0278296,127,125,125,142,139,139,0,0,0,0
1403638542.0778294,125,120,112,139,137,124,147,0,147,1
1403638542.1278296,130,123,123,147,138,138,0,0,0,0
1403638542.1778295,123,121,96,138,132,111,137,0,137,1
1403638542.2278297,106,103,103,137,131,131,0,0,0,0
1403638542.2778294,103,98,88,131,130,115,137,0,137,1
1403638542.3278296,106,101,101,137,131,131,0,0,0,0
1403638542.3778296,101,95,90,131,129,116,146,3,143,1
1403638542.4278295,118,114,114,143,135,135,0,0,0,0
1403638542.4778295,114,111,103,135,129,118,139,0,139,1
1403638542.5278296,116,113,113,139,135,135,0,0,0,0
1403638542.5778294,113,112,90,135,133,117,150,3,147,1
1403638542.6278296,113,111,111,147,143,143,0,0,0,0
1403638542.6778295,111,107,104,143,140,135,148,2,146,1
1403638542.7278297,115,114,114,146,145,145,0,0,0,0
1403638542.7778294,114,112,104,145,142,121,148,2,146,1
1403638542.8278296,119,118,118,146,144,144,0,0,0,0
1403638542.8778296,118,116,111,144,140,133,150,0,150,1
1403638542.9278295,123,119,119,150,144,144,0,0,0,0
1403638542.9778295,119,118,112,144,141,121,148,3,145,1
1403638543.0278296,122,118,118,145,139,139,0,0,0,0
1403638543.0778294,118,116,80,139,139,128,150,0,150,1
1403638543.1278296,109,109,109,150,149,149,0,0,0,0
1403638543.1778295,109,106,98,149,147,137,150,0,150,1
1403638543.2278297,122,121,121,150,150,150,0,0,0,0
1403638543.2778294,121,121,120,150,149,141,150,0,150,1
1403638543.3278296,126,125,125,150,150,150,0,0,0,0
1403638543.3778296,125,124,123,150,149,147,150,5,145,1
1403638543.4278295,150,148,148,145,143,143,0,0,0,0
1403638543.4778295,148,145,141,143,141,134,150,0,150,1
1403638543.5278296,144,141,141,150,147,147,0,0,0,0
1403638543.5778294,141,139,132,147,144,133,150,0,150,1
1403638543.6278296,143,138,138,150,147,147,0,0,0,0
1403638543.6778295,138,135,124,147,144,128,150,5,145,1
1403638543.7278297,128,125,125,145,139,139,0,0,0,0
1403638543.7778294,125,122,118,139,139,119,150,0,150,1
1403638543.8278296,123,120,120,150,144,144,0,0,0,0
1403638543.8778296,120,119,113,144,142,125,150,3,147,1
1403638543.9278295,130,126,126,147,143,143,0,0,0,0
1403638543.9778295,126,122,106,143,138,108,150,3,147,1
1403638544.0278296,126,120,120,147,144,144,0,0,0,0
1403638544.0778294,120,118,102,144,142,109,150,4,146,1
1403638544.1278296,117,114,114,146,143,143,0,0,0,0
1403638544.1778295,114,113,103,143,141,124,150,4,146,1
1403638544.2278297,122,118,118,146,140,140,0,0,0,0
1403638544.2778294,118,115,111,140,137,119,150,2,148,1
1403638544.3278296,130,122,122,148,145,145,0,0,0,0
1403638544.3778296,122,120,118,145,141,133,150,0,150,1
1403638544.4278295,126,122,122,150,147,147,0,0,0,0
1403638544.4778295,122,119,118,147,144,133,150,0,150,1
1403638544.5278296,122,118,118,150,145,145,0,0,0,0
1403638544.5778294,118,117,113,145,144,141,150,0,150,1
1403638544.6278296,116,113,113,150,147,147,0,0,0,0
1403638544.6778295,113,113,108,147,146,137,150,0,150,1
1403638544.7278297,112,111,111,150,148,148,0,0,0,0
1403638544.7778294,111,111,105,148,147,140,150,0,150,1
1403638544.8278296,118,116,116,150,146,146,0,0,0,0
1403638544.8778296,116,116,114,146,144,135,150,0,150,1
1403638544.9278295,130,128,128,150,147,147,0,0,0,0
1403638544.9778295,128,127,123,147,146,143,150,0,150,1
1403638545.0278296,132,129,129,150,146,146,0,0,0,0
1403638545.0778294,129,124,124,146,143,138,150,0,150,1
1403638545.1278296,133,129,129,150,147,147,0,0,0,0
1403638545.1778295,129,128,127,147,146,144,150,0,150,1
1403638545.2278297,150,148,148,150,148,148,0,0,0,0
1403638545.2778294,148,147,144,148,146,142,150,0,150,1
1403638545.3278296,150,149,149,150,148,148,0,0,0,0
1403638545.3778296,149,148,145,148,146,134,150,0,150,1
1403638545.4278295,148,148,148,150,149,149,0,0,0,0
1403638545.4778295,148,147,144,149,146,141,150,0,150,1
1403638545.5278296,150,146,146,150,147,147,0,0,0,0
1403638545.5778294,146,145,136,147,145,132,150,0,150,1
1403638545.6278296,146,144,144,150,150,150,0,0,0,0
1403638545.6778295,144,142,131,150,148,138,150,0,150,1
1403638545.7278297,149,148,148,150,147,147,0,0,0,0
1403638545.7778294,148,147,129,147,145,127,150,0,150,1
1403638545.8278296,143,141,141,150,144,144,0,0,0,0
1403638545.8778296,141,137,128,144,142,129,150,0,150,1
1403638545.9278295,150,149,149,150,148,148,0,0,0,0
1403638545.9778295,149,146,128,148,145,128,150,0,150,1
1403638546.0278296,150,149,149,150,147,147,0,0,0,0
1403638546.0778294,149,148,134,147,143,130,150,0,150,1
1403638546.1278296,149,145,145,150,146,146,0,0,0,0
1403638546.1778295,145,144,138,146,143,136,150,2,148,1
1403638546.2278297,150,145,145,148,146,146,0,0,0,0
1403638546.2778294,145,144,133,146,146,138,150,0,150,1
1403638546.3278296,150,147,147,150,149,149,0,0,0,0
1403638546.3778296,147,146,143,149,148,138,150,0,150,1
1403638546.4278295,150,149,149,150,146,146,0,0,0,0
1403638546.4778295,149,146,146,146,144,140,150,0,150,1
1403638546.5278296,150,147,147,150,150,150,0,0,0,0
1403638546.5778294,147,143,136,150,148,143,150,0,150,1
1403638546.6278296,150,146,146,150,145,145,0,0,0,0
1403638546.6778295,146,142,139,145,140,135,150,0,150,1
1403638546.7278297,150,147,147,150,146,146,0,0,0,0
1403638546.7778294,147,147,140,146,144,121,150,0,150,1
1403638546.8278296,150,147,147,150,149,149,0,0,0,0
1403638546.8778296,147,145,138,149,147,137,150,0,150,1
1403638546.9278295,150,145,145,150,144,144,0,0,0,0
1403638546.9778295,145,143,131,144,144,129,150,0,150,1
1403638547.0278296,150,148,148,150,146,146,0,0,0,0
1403638547.0778294,148,145,139,146,145,137,150,0,150,1
1403638547.1278296,150,147,147,150,150,150,0,0,0,0
1403638547.1778295,147,146,144,150,149,136,150,0,150,1
1403638547.2278297,150,149,149,150,145,145,0,0,0,0
1403638547.2778294,149,146,144,145,143,130,150,0,150,1
1403638547.3278296,150,147,147,150,148,148,0,0,0,0
1403638547.3778296,147,147,146,148,145,141,150,0,150,1
1403638547.4278295,150,148,148,150,147,147,0,0,0,0
1403638547.4778295,148,143,141,147,144,136,150,0,150,1
1403638547.5278296,150,143,143,150,147,147,0,0,0,0
1403638547.5778294,143,138,136,147,143,129,150,0,150,1
1403638547.6278296,150,145,145,150,146,146,0,0,0,0
1403638547.6778295,145,139,135,146,143,133,150,0,150,1
1403638547.7278297,150,147,147,150,148,148,0,0,0,0
1403638547.7778294,147,146,143,148,146,132,150,0,150,1
1403638547.8278296,150,148,148,150,146,146,0,0,0,0
1403638547.8778296,148,143,137,146,143,131,150,0,150,1
1403638547.9278295,150,146,146,150,145,145,0,0,0,0
1403638547.9778295,146,145,142,145,143,139,150,4,146,1
1403638548.0278296,150,148,148,146,143,143,0,0,0,0
1403638548.0778294,148,144,135,143,142,117,150,0,150,1
1403638548.1278296,150,144,144,150,149,149,0,0,0,0
1403638548.1778295,144,142,133,149,143,126,150,0,150,1
1403638548.2278297,150,148,148,150,150,150,0,0,0,0
1403638548.2778294,148,145,127,150,144,125,150,0,150,1
1403638548.3278296,150,142,142,150,144,144,0,0,0,0
1403638548.3778296,142,140,121,144,141,111,150,0,150,1
1403638548.4278295,150,145,145,150,143,143,0,0,0,0
1403638548.4778295,145,143,123,143,140,118,150,0,150,1
1403638548.5278296,146,141,141,150,147,147,0,0,0,0
1403638548.5778294,141,137,117,147,141,123,150,0,150,1
1403638548.6278296,140,135,135,150,145,145,0,0,0,0
1403638548.6778295,135,134,127,145,143,126,150,0,150,1
1403638548.7278297,150,147,147,150,149,149,0,0,0,0
1403638548.7778294,147,145,135,149,148,137,150,0,150,1
1403638548.8278296,150,145,145,150,144,144,0,0,0,0
1403638548.8778296,145,144,136,144,144,137,150,0,150,1
1403638548.9278295,145,143,143,150,148,148,0,0,0,0
1403638548.9778295,143,141,131,148,146,122,150,0,150,1
1403638549.0278296,148,143,143,150,145,145,0,0,0,0
1403638549.0778294,143,140,131,145,143,130,150,0,150,1
1403638549.1278296,150,144,144,150,146,146,0,0,0,0
1403638549.1778295,144,141,131,146,143,136,150,0,150,1
1403638549.2278297,150,147,147,150,148,148,0,0,0,0
1403638549.2778294,147,143,136,148,148,125,150,0,150,1
1403638549.3278296,150,143,143,150,148,148,0,0,0,0
1403638549.3778296,143,139,131,148,146,132,150,0,150,1
1403638549.4278295,150,147,147,150,148,148,0,0,0,0
1403638549.4778295,147,144,136,148,146,133,150,0,150,1
1403638549.5278296,150,146,146,150,146,146,0,0,0,0
1403638549.5778294,146,144,134,146,140,120,150,0,150,1
1403638549.6278296,146,143,143,150,146,146,0,0,0,0
1403638549.6778295,143,141,127,146,144,136,150,0,150,1
1403638549.7278297,144,141,141,150,147,147,0,0,0,0
1403638549.7778294,141,136,130,147,146,128,150,0,150,1
1403638549.8278296,144,140,140,150,144,144,0,0,0,0
1403638549.8778296,140,135,125,144,142,128,150,0,150,1
1403638549.9278295,150,147,147,150,145,145,0,0,0,0
1403638549.9778295,147,143,130,145,141,125,150,0,150,1
1403638550.0278296,147,144,144,150,148,148,0,0,0,0
1403638550.0778294,144,142,120,148,143,124,150,0,150,1
1403638550.1278296,144,137,137,150,145,145,0,0,0,0
1403638550.1778295,137,136,117,145,143,119,150,0,150,1
1403638550.2278297,131,128,128,150,146,146,0,0,0,0
1403638550.2778294,128,127,120,146,143,119,150,3,147,1
1403638550.3278296,144,140,140,147,147,147,0,0,0,0
1403638550.3778296,140,133,122,147,141,116,150,0,150,1
1403638550.4278295,147,138,138,150,141,141,0,0,0,0
1403638550.4778295,138,136,127,141,140,120,150,0,150,1
1403638550.5278296,137,131,131,150,147,147,0,0,0,0
1403638550.5778294,131,130,112,147,145,123,150,0,150,1
1403638550.6278296,135,133,133,150,149,149,0,0,0,0
1403638550.6778295,133,129,117,149,145,122,150,0,150,1
1403638550.7278297,130,128,128,150,145,145,0,0,0,0
1403638550.7778294,128,123,112,145,136,119,150,0,150,1
1403638550.8278296,125,124,124,150,144,144,0,0,0,0
1403638550.8778296,124,120,115,144,142,119,143,0,143,1
1403638550.9278295,124,121,121,143,138,138,0,0,0,0
1403638550.9778295,121,121,107,138,135,114,150,0,150,1
1403638551.0278296,121,116,116,150,144,144,0,0,0,0
1403638551.0778294,116,114,106,144,141,117,137,0,137,1
1403638551.1278296,116,113,113,137,133,133,0,0,0,0
1403638551.1778295,113,112,101,133,129,117,150,0,150,1
1403638551.2278297,119,115,115,150,148,148,0,0,0,0
1403638551.2778294,115,113,103,148,145,120,150,0,150,1
1403638551.3278296,119,118,118,150,148,148,0,0,0,0
1403638551.3778296,118,116,106,148,145,118,150,0,150,1
1403638551.4278295,115,115,115,150,147,147,0,0,0,0
1403638551.4778295,115,114,95,147,145,119,150,0,150,1
1403638551.5278296,115,112,112,150,146,146,0,0,0,0
1403638551.5778294,112,108,99,146,142,109,142,0,142,1
1403638551.6278296,115,110,110,142,135,135,0,0,0,0
1403638551.6778295,110,106,95,135,129,108,143,0,143,1
1403638551.7278297,107,105,105,143,138,138,0,0,0,0
1403638551.7778294,105,104,94,138,137,106,133,0,133,1
1403638551.8278296,108,107,107,133,129,129,0,0,0,0
1403638551.8778296,107,103,92,129,122,104,133,0,133,1
1403638551.9278295,108,104,104,133,126,126,0,0,0,0
1403638551.9778295,104,100,92,126,122,99,130,0,130,1
1403638552.0278296,108,107,107,130,124,124,0,0,0,0
1403638552.0778294,107,104,91,124,123,92,139,0,139,1
1403638552.1278296,114,109,109,139,135,135,0,0,0,0
1403638552.1778295,109,108,102,135,134,101,139,0,139,1
1403638552.2278297,112,110,110,139,134,134,0,0,0,0
1403638552.2778294,110,110,100,134,134,109,150,0,150,1
1403638552.3278296,112,111,111,150,146,146,0,0,0,0
1403638552.3778296,111,109,100,146,143,112,150,0,150,1
1403638552.4278295,108,107,107,150,143,143,0,0,0,0
1403638552.4778295,107,103,90,143,139,116,143,0,143,1
1403638552.5278296,106,101,101,143,138,138,0,0,0,0
1403638552.5778294,101,100,95,138,132,107,150,0,150,1
1403638552.6278296,119,117,117,150,144,144,0,0,0,0
1403638552.6778295,117,114,107,144,143,118,150,0,150,1
1403638552.7278297,117,115,115,150,143,143,0,0,0,0
1403638552.7778294,115,114,110,143,140,118,142,0,142,1
1403638552.8278296,112,109,109,142,140,140,0,0,0,0
1403638552.8778296,109,109,106,140,139,129,150,0,150,1
1403638552.9278295,110,109,109,150,149,149,0,0,0,0
1403638552.9778295,109,108,106,149,148,125,150,0,150,1
1403638553.0278296,106,106,106,150,145,145,0,0,0,0
1403638553.0778294,106,103,100,145,141,125,148,0,148,1
1403638553.1278296,108,105,105,148,147,147,0,0,0,0
1403638553.1778295,105,104,101,147,144,116,142,0,142,1
1403638553.2278297,115,110,110,142,135,135,0,0,0,0
1403638553.2778294,110,108,99,135,133,106,144,0,144,1
1403638553.3278296,114,111,111,144,137,137,0,0,0,0
1403638553.3778296,111,111,103,137,137,113,134,0,134,1
1403638553.4278295,114,114,114,134,131,131,0,0,0,0
1403638553.4778295,114,112,101,131,129,114,150,0,150,1
1403638553.5278296,110,108,108,150,149,149,0,0,0,0
1403638553.5778294,108,108,101,149,148,104,130,0,130,1
1403638553.6278296,109,108,108,130,129,129,0,0,0,0
1403638553.6778295,108,108,102,129,127,110,150,0,150,1
1403638553.7278297,111,111,111,150,150,150,0,0,0,0
1403638553.7778294,111,111,102,150,149,114,150,0,150,1
1403638553.8278296,109,109,109,150,150,150,0,0,0,0
1403638553.8778296,109,109,104,150,150,126,150,0,150,1
1403638553.9278295,110,110,110,150,150,150,0,0,0,0
1403638553.9778295,110,109,104,150,148,129,150,0,150,1
1403638554.0278296,112,111,111,150,149,149,0,0,0,0
1403638554.0778294,111,111,106,149,148,111,138,0,138,1
1403638554.1278296,114,113,113,138,138,138,0,0,0,0
1403638554.1778295,113,112,108,138,135,116,138,0,138,1
1403638554.2278297,114,112,112,138,137,137,0,0,0,0
1403638554.2778294,112,112,108,137,132,109,132,0,132,1
1403638554.3278296,131,130,130,132,131,131,0,0,0,0
1403638554.3778296,130,128,123,131,129,105,139,0,139,1
1403638554.4278295,125,124,124,139,137,137,0,0,0,0
1403638554.4778295,124,124,116,137,136,115,150,0,150,1
1403638554.5278296,125,125,125,150,150,150,0,0,0,0
1403638554.5778294,125,125,121,150,150,141,150,0,150,1
1403638554.6278296,143,142,142,150,148,148,0,0,0,0
1403638554.6778295,142,142,130,148,148,130,150,0,150,1
1403638554.7278297,136,135,135,150,150,150,0,0,0,0
1403638554.7778294,135,134,129,150,150,137,150,0,150,1
1403638554.8278296,136,136,136,150,150,150,0,0,0,0
1403638554.8778296,136,136,127,150,149,120,150,0,150,1
1403638554.9278295,134,133,133,150,150,150,0,0,0,0
1403638554.9778295,133,132,126,150,148,121,150,0,150,1
1403638555.0278296,136,135,135,150,149,149,0,0,0,0
1403638555.0778294,135,135,127,149,149,131,147,0,147,1
1403638555.1278296,138,138,138,147,145,145,0,0,0,0
1403638555.1778295,138,138,127,145,145,120,147,0,147,1
1403638555.2278297,140,139,139,147,143,143,0,0,0,0
1403638555.2778294,139,138,125,143,141,117,150,0,150,1
1403638555.3278296,129,129,129,150,149,149,0,0,0,0
1403638555.3778296,129,127,119,149,145,123,150,0,150,1
1403638555.4278295,131,129,129,150,148,148,0,0,0,0
1403638555.4778295,129,128,116,148,145,117,150,0,150,1
1403638555.5278296,124,122,122,150,147,147,0,0,0,0
1403638555.5778294,122,122,108,147,146,120,144,0,144,1
1403638555.6278296,131,130,130,144,143,143,0,0,0,0
1403638555.6778295,130,129,119,143,142,128,150,0,150,1
1403638555.7278297,129,128,128,150,150,150,0,0,0,0
1403638555.7778294,128,128,116,150,150,131,150,0,150,1
1403638555.8278296,131,131,131,150,150,150,0,0,0,0
1403638555.8778296,131,130,121,150,150,135,150,0,150,1
1403638555.9278295,136,136,136,150,150,150,0,0,0,0
1403638555.9778295,136,136,132,150,150,138,150,0,150,1
1403638556.0278296,133,133,133,150,150,150,0,0,0,0
1403638556.0778294,133,132,128,150,149,131,150,0,150,1
1403638556.1278296,130,129,129,150,150,150,0,0,0,0
1403638556.1778295,129,127,123,150,148,128,150,3,147,1
1403638556.2278297,136,133,133,147,146,146,0,0,0,0
1403638556.2778294,133,132,129,146,145,127,150,0,150,1
1403638556.3278296,137,137,137,150,148,148,0,0,0,0
1403638556.3778296,137,137,133,148,146,130,150,0,150,1
1403638556.4278295,136,136,136,150,149,149,0,0,0,0
1403638556.4778295,136,134,129,149,148,120,149,0,149,1
1403638556.5278296,134,133,133,149,147,147,0,0,0,0
1403638556.5778294,133,133,129,147,144,125,150,0,150,1
1403638556.6278296,135,135,135,150,145,145,0,0,0,0
1403638556.6778295,135,135,131,145,144,129,150,0,150,1
1403638556.7278297,138,134,134,150,149,149,0,0,0,0
1403638556.7778294,134,133,130,149,146,122,150,0,150,1
1403638556.8278296,145,140,140,150,145,145,0,0,0,0
1403638556.8778296,140,140,131,145,145,104,150,0,150,1
1403638556.9278295,134,133,133,150,148,148,0,0,0,0
1403638556.9778295,133,133,127,148,147,113,147,0,147,1
1403638557.0278296,131,129,129,147,145,145,0,0,0,0
1403638557.0778294,129,128,111,145,144,112,138,0,138,1
1403638557.1278296,122,120,120,138,138,138,0,0,0,0
1403638557.1778295,120,120,111,138,138,118,145,0,145,1
1403638557.2278297,125,123,123,145,144,144,0,0,0,0
1403638557.2778294,123,123,118,144,143,106,150,0,150,1
1403638557.3278296,122,120,120,150,145,145,0,0,0,0
1403638557.3778296,120,119,114,145,145,126,150,0,150,1
1403638557.4278295,121,119,119,150,150,150,0,0,0,0
1403638557.4778295,119,119,107,150,148,122,140,0,140,1
1403638557.5278296,114,113,113,140,136,136,0,0,0,0
1403638557.5778294,113,112,98,136,135,123,150,0,150,1
1403638557.6278296,114,112,112,150,150,150,0,0,0,0
1403638557.6778295,112,112,97,150,147,129,150,0,150,1
1403638557.7278297,115,113,113,150,148,148,0,0,0,0
1403638557.7778294,113,111,105,148,147,121,142,0,142,1
1403638557.8278296,113,112,112,142,140,140,0,0,0,0
1403638557.8778296,112,112,106,140,138,125,150,0,150,1
1403638557.9278295,117,115,115,150,149,149,0,0,0,0
1403638557.9778295,115,112,101,149,148,128,150,0,150,1
1403638558.0278296,114,114,114,150,149,149,0,0,0,0
1403638558.0778294,114,114,97,149,146,107,142,0,142,1
1403638558.1278296,109,107,107,142,141,141,0,0,0,0
1403638558.1778295,107,104,100,141,141,111,150,0,150,1
1403638558.2278297,110,108,108,150,147,147,0,0,0,0
1403638558.2778294,108,105,92,147,142,114,150,0,150,1
1403638558.3278296,105,104,104,150,148,148,0,0,0,0
1403638558.3778296,104,104,87,148,146,120,148,0,148,1
1403638558.4278295,105,102,102,148,143,143,0,0,0,0
1403638558.4778295,102,98,83,143,140,118,150,0,150,1
1403638558.5278296,101,99,99,150,148,148,0,0,0,0
1403638558.5778294,99,99,93,148,147,123,150,0,150,1
1403638558.6278296,102,101,101,150,144,144,0,0,0,0
1403638558.6778295,101,99,86,144,141,120,148,0,148,1
1403638558.7278297,101,98,98,148,144,144,0,0,0,0
1403638558.7778294,98,96,83,144,142,102,150,0,150,1
1403638558.8278296,100,98,98,150,148,148,0,0,0,0
1403638558.8778296,98,97,87,148,146,101,150,0,150,1
1403638558.9278295,103,103,103,150,148,148,0,0,0,0
1403638558.9778295,103,97,87,148,145,113,149,0,149,1
1403638559.0278296,94,89,89,149,144,144,0,0,0,0
1403638559.0778294,89,89,79,144,143,114,143,0,143,1
1403638559.1278296,91,90,90,143,138,138,0,0,0,0
1403638559.1778295,90,90,84,138,136,112,139,0,139,1
1403638559.2278297,94,94,94,139,137,137,0,0,0,0
1403638559.2778294,94,91,76,137,136,99,145,0,145,1
1403638559.3278296,87,87,87,145,140,140,0,0,0,0
1403638559.3778296,87,85,71,140,138,116,148,0,148,1
1403638559.4278295,83,82,82,148,145,145,0,0,0,0
1403638559.4778295,82,82,74,145,143,112,148,0,148,1
1403638559.5278296,85,83,83,148,142,142,0,0,0,0
1403638559.5778294,83,82,70,142,140,117,150,3,147,1
1403638559.6278296,88,84,84,147,144,144,0,0,0,0
1403638559.6778295,84,84,68,144,143,109,150,0,150,1
1403638559.7278297,88,88,88,150,149,149,0,0,0,0
1403638559.7778294,88,86,82,149,148,120,146,0,146,1
1403638559.8278296,92,92,92,146,146,146,0,0,0,0
1403638559.8778296,92,92,72,146,144,112,150,1,149,1
1403638559.9278295,90,88,88,149,147,147,0,0,0,0
1403638559.9778295,88,86,77,147,143,111,142,0,142,1
1403638560.0278296,85,81,81,142,137,137,0,0,0,0
1403638560.0778294,81,81,70,137,136,99,133,0,133,1
1403638560.1278296,84,80,80,133,128,128,0,0,0,0
1403638560.1778295,80,80,66,128,127,89,126,3,123,1
1403638560.2278297,78,73,73,123,120,120,0,0,0,0
1403638560.2778294,73,70,57,120,114,81,124,0,124,1
1403638560.3278296,66,60,60,124,114,114,0,0,0,0
1403638560.3778296,60,54,47,114,111,79,137,0,137,1
1403638560.4278295,62,58,58,137,132,132,0,0,0,0
1403638560.4778295,58,56,49,132,129,92,139,0,139,1
1403638560.5278296,68,63,63,139,133,133,0,0,0,0
1403638560.5778294,63,63,53,133,130,90,150,0,150,1
1403638560.6278296,63,61,61,150,143,143,0,0,0,0
1403638560.6778295,61,58,51,143,137,104,149,0,149,1
1403638560.7278297,69,68,68,149,143,143,0,0,0,0
1403638560.7778294,68,62,56,143,140,112,150,0,150,1
1403638560.8278296,89,84,84,150,145,145,0,0,0,0
1403638560.8778296,84,78,69,145,139,107,150,0,150,1
1403638560.9278295,84,78,78,150,146,146,0,0,0,0
1403638560.9778295,78,75,67,146,142,116,150,0,150,1
1403638561.0278296,82,78,78,150,144,144,0,0,0,0
1403638561.0778294,78,77,61,144,142,110,150,0,150,1
1403638561.1278296,74,72,72,150,146,146,0,0,0,0
1403638561.1778295,72,68,57,146,140,113,149,0,149,1
1403638561.2278297,73,70,70,149,142,142,0,0,0,0
1403638561.2778294,70,70,61,142,142,108,150,0,150,1
1403638561.3278296,71,70,70,150,148,148,0,0,0,0
1403638561.3778296,70,70,53,148,143,110,150,0,150,1
1403638561.4278295,83,82,82,150,145,145,0,0,0,0
1403638561.4778295,82,81,68,145,142,109,147,0,147,1
1403638561.5278296,93,92,92,147,143,143,0,0,0,0
1403638561.5778294,92,89,81,143,139,112,150,4,146,1
1403638561.6278296,91,89,89,146,142,142,0,0,0,0
1403638561.6778295,89,87,77,142,140,118,150,0,150,1
1403638561.7278297,88,87,87,150,146,146,0,0,0,0
1403638561.7778294,87,87,84,146,145,125,150,0,150,1
1403638561.8278296,95,93,93,150,149,149,0,0,0,0
1403638561.8778296,93,92,87,149,147,119,150,0,150,1
1403638561.9278295,94,93,93,150,147,147,0,0,0,0
1403638561.9778295,93,93,88,147,144,116,149,0,149,1
1403638562.0278296,91,91,91,149,146,146,0,0,0,0
1403638562.0778294,91,90,83,146,145,118,150,0,150,1
1403638562.1278296,93,91,91,150,144,144,0,0,0,0
1403638562.1778295,91,91,84,144,142,113,150,0,150,1
1403638562.2278297,91,91,91,150,149,149,0,0,0,0
1403638562.2778294,91,91,83,149,148,117,150,0,150,1
1403638562.3278296,99,98,98,150,147,147,0,0,0,0
1403638562.3778296,98,95,85,147,144,115,149,0,149,1
1403638562.4278295,101,100,100,149,146,146,0,0,0,0
1403638562.4778295,100,99,89,146,144,117,150,0,150,1
1403638562.5278296,97,94,94,150,145,145,0,0,0,0
1403638562.5778294,94,92,87,145,144,120,150,0,150,1
1403638562.6278296,97,96,96,150,139,139,0,0,0,0
1403638562.6778295,96,95,79,139,137,119,146,0,146,1
1403638562.7278297,91,88,88,146,144,144,0,0,0,0
1403638562.7778294,88,87,78,144,140,108,143,0,143,1
1403638562.8278296,86,84,84,143,138,138,0,0,0,0
1403638562.8778296,84,84,75,138,136,112,145,0,145,1
1403638562.9278295,111,109,109,145,138,138,0,0,0,0
1403638562.9778295,109,105,91,138,134,111,150,0,150,1
1403638563.0278296,103,103,103,150,143,143,0,0,0,0
1403638563.0778294,103,102,94,143,140,113,150,0,150,1
1403638563.1278296,102,100,100,150,143,143,0,0,0,0
1403638563.1778295,100,99,84,143,139,120,150,0,150,1
1403638563.2278297,101,101,101,150,143,143,0,0,0,0
1403638563.2778294,101,97,82,143,142,123,140,0,140,1
1403638563.3278296,95,94,94,140,138,138,0,0,0,0
1403638563.3778296,94,92,85,138,136,121,150,0,150,1
1403638563.4278295,92,90,90,150,142,142,0,0,0,0
1403638563.4778295,90,90,84,142,142,120,144,0,144,1
1403638563.5278296,113,112,112,144,142,142,0,0,0,0
1403638563.5778294,112,112,96,142,139,118,147,0,147,1
1403638563.6278296,114,113,113,147,146,146,0,0,0,0
1403638563.6778295,113,112,105,146,146,128,150,0,150,1
1403638563.7278297,113,112,112,150,149,149,0,0,0,0
1403638563.7778294,112,112,105,149,149,136,150,0,150,1
1403638563.8278296,108,108,108,150,150,150,0,0,0,0
1403638563.8778296,108,108,98,150,149,139,150,0,150,1
1403638563.9278295,118,118,118,150,150,150,0,0,0,0
1403638563.9778295,118,118,106,150,150,139,150,0,150,1
1403638564.0278296,130,129,129,150,150,150,0,0,0,0
1403638564.0778294,129,129,117,150,150,138,150,1,149,1
1403638564.1278296,124,124,124,149,149,149,0,0,0,0
1403638564.1778295,124,124,113,149,149,134,150,0,150,1
1403638564.2278297,123,123,123,150,150,150,0,0,0,0
1403638564.2778294,123,122,109,150,150,136,150,0,150,1
1403638564.3278296,115,115,115,150,150,150,0,0,0,0
1403638564.3778296,115,115,106,150,150,138,141,0,141,1
1403638564.4278295,113,111,111,141,141,141,0,0,0,0
1403638564.4778295,111,111,101,141,141,124,137,0,137,1
1403638564.5278296,105,105,105,137,137,137,0,0,0,0
1403638564.5778294,105,105,100,137,137,118,144,1,143,1
1403638564.6278296,114,111,111,143,143,143,0,0,0,0
1403638564.6778295,111,111,70,143,143,114,135,0,135,1
1403638564.7278297,80,80,80,135,135,135,0,0,0,0
1403638564.7778294,80,80,68,135,135,122,136,0,136,1
1403638564.8278296,82,82,82,136,136,136,0,0,0,0
1403638564.8778296,82,82,73,136,135,121,132,0,132,1
1403638564.9278295,90,90,90,132,131,131,0,0,0,0
1403638564.9778295,90,90,80,131,131,108,128,0,128,1
1403638565.0278296,88,84,84,128,123,123,0,0,0,0
1403638565.0778294,84,84,69,123,122,97,128,0,128,1
1403638565.1278296,81,81,81,128,126,126,0,0,0,0
1403638565.1778295,81,81,64,126,126,95,129,0,129,1
1403638565.2278297,72,72,72,129,128,128,0,0,0,0
1403638565.2778294,72,72,63,128,125,84,116,0,116,1
1403638565.3278296,62,62,62,116,115,115,0,0,0,0
1403638565.3778296,62,62,49,115,113,87,115,0,115,1
1403638565.4278295,64,64,64,115,113,113,0,0,0,0
1403638565.4778295,64,64,47,113,110,82,108,0,108,1
1403638565.5278296,61,61,61,108,105,105,0,0,0,0
1403638565.5778294,61,61,51,105,103,83,104,0,104,1
1403638565.6278296,60,59,59,104,100,100,0,0,0,0
1403638565.6778295,59,58,44,100,99,82,116,0,116,1
1403638565.7278297,58,57,57,116,113,113,0,0,0,0
1403638565.7778294,57,57,51,113,107,81,111,1,110,1
1403638565.8278296,62,61,61,110,108,108,0,0,0,0
1403638565.8778296,61,61,51,108,106,85,106,0,106,1
1403638565.9278295,62,62,62,106,105,105,0,0,0,0
1403638565.9778295,62,62,52,105,105,73,111,0,111,1
1403638566.0278296,62,62,62,111,110,110,0,0,0,0
1403638566.0778294,62,62,51,110,110,85,113,0,113,1
1403638566.1278296,58,58,58,113,111,111,0,0,0,0
1403638566.1778295,58,56,47,111,109,81,104,0,104,1
1403638566.2278297,59,59,59,104,103,103,0,0,0,0
1403638566.2778294,59,59,48,103,102,77,98,0,98,1
1403638566.3278296,66,66,66,98,98,98,0,0,0,0
1403638566.3778296,66,66,60,98,97,78,100,0,100,1
1403638566.4278295,65,64,64,100,98,98,0,0,0,0
1403638566.4778295,64,64,37,98,98,74,95,0,95,1
1403638566.5278296,71,71,71,95,95,95,0,0,0,0
1403638566.5778294,71,68,53,95,94,63,95,0,95,1
1403638566.6278296,73,68,68,95,91,91,0,0,0,0
1403638566.6778295,68,66,59,91,88,69,107,0,107,1
1403638566.7278297,80,76,76,107,102,102,0,0,0,0
1403638566.7778294,76,74,65,102,101,71,100,0,100,1
1403638566.8278296,86,82,82,100,96,96,0,0,0,0
1403638566.8778296,82,78,64,96,93,66,115,0,115,1
1403638566.9278295,80,78,78,115,112,112,0,0,0,0
1403638566.9778295,78,77,63,112,111,79,118,6,112,1
1403638567.0278296,89,89,89,112,111,111,0,0,0,0
1403638567.0778294,89,86,67,111,109,76,117,0,117,1
1403638567.1278296,87,85,85,117,114,114,0,0,0,0
1403638567.1778295,85,82,63,114,109,80,126,0,126,1
1403638567.2278297,91,89,89,126,122,122,0,0,0,0
1403638567.2778294,89,89,79,122,120,81,119,0,119,1
1403638567.3278296,87,87,87,119,118,118,0,0,0,0
1403638567.3778296,87,86,80,118,118,90,123,0,123,1
1403638567.4278295,95,93,93,123,121,121,0,0,0,0
1403638567.4778295,93,92,83,121,118,100,133,0,133,1
1403638567.5278296,90,87,87,133,130,130,0,0,0,0
1403638567.5778294,87,86,74,130,127,94,129,5,124,1
1403638567.6278296,93,91,91,124,121,121,0,0,0,0
1403638567.6778295,91,89,74,121,115,90,129,0,129,1
1403638567.7278297,96,95,95,129,127,127,0,0,0,0
1403638567.7778294,95,92,87,127,125,109,143,0,143,1
1403638567.8278296,97,93,93,143,140,140,0,0,0,0
1403638567.8778296,93,93,90,140,140,126,141,0,141,1
1403638567.9278295,107,107,107,141,141,141,0,0,0,0
1403638567.9778295,107,105,97,141,139,115,148,0,148,1
1403638568.0278296,109,107,107,148,147,147,0,0,0,0
1403638568.0778294,107,107,99,147,145,121,147,0,147,1
1403638568.1278296,111,111,111,147,147,147,0,0,0,0
1403638568.1778295,111,111,100,147,146,128,140,0,140,1
1403638568.2278297,114,114,114,140,139,139,0,0,0,0
1403638568.2778294,114,114,109,139,138,128,150,3,147,1
1403638568.3278296,115,115,115,147,147,147,0,0,0,0
1403638568.3778296,115,113,111,147,147,126,145,0,145,1
1403638568.4278295,124,124,124,145,142,142,0,0,0,0
1403638568.4778295,124,124,118,142,142,129,150,0,150,1
1403638568.5278296,125,125,125,150,148,148,0,0,0,0
1403638568.5778294,125,122,116,148,146,122,150,0,150,1
1403638568.6278296,127,122,122,150,146,146,0,0,0,0
1403638568.6778295,122,122,114,146,143,131,150,0,150,1
1403638568.7278297,120,119,119,150,149,149,0,0,0,0
1403638568.7778294,119,118,110,149,145,127,150,0,150,1
1403638568.8278296,128,128,128,150,150,150,0,0,0,0
1403638568.8778296,128,128,126,150,149,143,150,0,150,1
1403638568.9278295,140,140,140,150,149,149,0,0,0,0
1403638568.9778295,140,140,138,149,149,130,150,0,150,1
1403638569.0278296,146,146,146,150,149,149,0,0,0,0
1403638569.0778294,146,145,139,149,148,139,150,0,150,1
1403638569.1278296,143,143,143,150,149,149,0,0,0,0
1403638569.1778295,143,142,138,149,147,143,150,0,150,1
1403638569.2278297,150,149,149,150,148,148,0,0,0,0
1403638569.2778294,149,147,143,148,147,143,150,0,150,1
1403638569.3278296,150,150,150,150,150,150,0,0,0,0
1403638569.3778296,150,150,146,150,150,141,147,0,147,1
1403638569.4278295,150,149,149,147,147,147,0,0,0,0
1403638569.4778295,149,149,147,147,147,144,150,0,150,1
1403638569.5278296,149,149,149,150,150,150,0,0,0,0
1403638569.5778294,149,149,143,150,150,148,150,0,150,1
1403638569.6278296,150,150,150,150,149,149,0,0,0,0
1403638569.6778295,150,150,146,149,149,147,150,0,150,1
1403638569.7278297,150,150,150,150,150,150,0,0,0,0
1403638569.7778294,150,150,150,150,150,149,150,0,150,1
1403638569.8278296,150,150,150,150,150,150,0,0,0,0
1403638569.8778296,150,147,146,150,146,145,150,0,150,1
1403638569.9278295,150,149,149,150,149,149,0,0,0,0
1403638569.9778295,149,148,147,149,148,145,150,0,150,1
1403638570.0278296,150,149,149,150,148,148,0,0,0,0
1403638570.0778294,149,149,148,148,148,147,150,0,150,1
1403638570.1278296,150,148,148,150,147,147,0,0,0,0
1403638570.1778295,148,148,148,147,147,144,150,5,145,1
1403638570.2278297,150,150,150,145,144,144,0,0,0,0
1403638570.2778294,150,149,148,144,143,140,150,0,150,1
1403638570.3278296,150,150,150,150,148,148,0,0,0,0
1403638570.3778296,150,150,148,148,146,139,150,0,150,1
1403638570.4278295,150,148,148,150,149,149,0,0,0,0
1403638570.4778295,148,145,142,149,146,137,150,0,150,1
1403638570.5278296,146,142,142,150,147,147,0,0,0,0
1403638570.5778294,142,137,133,147,144,131,150,0,150,1
1403638570.6278296,145,145,145,150,147,147,0,0,0,0
1403638570.6778295,145,139,136,147,143,123,144,0,144,1
1403638570.7278297,145,136,136,144,139,139,0,0,0,0
1403638570.7778294,136,132,123,139,134,122,145,0,145,1
1403638570.8278296,139,136,136,145,136,136,0,0,0,0
1403638570.8778296,136,132,122,136,129,112,139,0,139,1
1403638570.9278295,137,132,132,139,132,132,0,0,0,0
1403638570.9778295,132,127,122,132,128,114,134,0,134,1
1403638571.0278296,132,131,131,134,131,131,0,0,0,0
1403638571.0778294,131,129,110,131,128,102,124,0,124,1
1403638571.1278296,121,120,120,124,119,119,0,0,0,0
1403638571.1778295,120,115,102,119,113,93,124,0,124,1
1403638571.2278297,114,112,112,124,120,120,0,0,0,0
1403638571.2778294,112,111,103,120,119,106,129,0,129,1
1403638571.3278296,111,111,111,129,125,125,0,0,0,0
1403638571.3778296,111,109,102,125,124,116,145,0,145,1
1403638571.4278295,119,115,115,145,141,141,0,0,0,0
1403638571.4778295,115,114,110,141,139,123,148,0,148,1
1403638571.5278296,121,120,120,148,143,143,0,0,0,0
1403638571.5778294,120,120,106,143,143,126,150,0,150,1
1403638571.6278296,113,112,112,150,147,147,0,0,0,0
1403638571.6778295,112,110,102,147,144,124,150,0,150,1
1403638571.7278297,112,111,111,150,147,147,0,0,0,0
1403638571.7778294,111,107,99,147,143,118,150,0,150,1
1403638571.8278296,109,106,106,150,145,145,0,0,0,0
1403638571.8778296,106,105,93,145,140,123,143,0,143,1
1403638571.9278295,107,102,102,143,139,139,0,0,0,0
1403638571.9778295,102,102,93,139,135,114,140,0,140,1
1403638572.0278296,103,96,96,140,136,136,0,0,0,0
1403638572.0778294,96,96,81,136,132,114,131,0,131,1
1403638572.1278296,98,94,94,131,129,129,0,0,0,0
1403638572.1778295,94,91,84,129,123,104,125,0,125,1
1403638572.2278297,106,104,104,125,121,121,0,0,0,0
1403638572.2778294,104,101,94,121,114,105,124,0,124,1
1403638572.3278296,102,99,99,124,119,119,0,0,0,0
1403638572.3778296,99,98,87,119,118,107,123,0,123,1
1403638572.4278295,97,94,94,123,118,118,0,0,0,0
1403638572.4778295,94,90,84,118,113,100,110,0,110,1
1403638572.5278296,88,86,86,110,107,107,0,0,0,0
1403638572.5778294,86,86,79,107,106,95,115,0,115,1
1403638572.6278296,91,88,88,115,114,114,0,0,0,0
1403638572.6778295,88,87,83,114,112,99,123,0,123,1
1403638572.7278297,88,87,87,123,122,122,0,0,0,0
1403638572.7778294,87,85,79,122,119,106,127,0,127,1
1403638572.8278296,90,90,90,127,124,124,0,0,0,0
1403638572.8778296,90,86,84,124,121,111,124,0,124,1
1403638572.9278295,91,88,88,124,122,122,0,0,0,0
1403638572.9778295,88,86,83,122,119,98,124,0,124,1
1403638573.0278296,107,104,104,124,120,120,0,0,0,0
1403638573.0778294,104,100,91,120,116,106,128,0,128,1
1403638573.1278296,104,101,101,128,124,124,0,0,0,0
1403638573.1778295,101,99,94,124,120,104,117,0,117,1
1403638573.2278297,96,94,94,117,116,116,0,0,0,0
1403638573.2778294,94,92,90,116,114,107,120,0,120,1
1403638573.3278296,97,92,92,120,116,116,0,0,0,0
1403638573.3778296,92,92,85,116,115,103,114,0,114,1
1403638573.4278295,89,87,87,114,112,112,0,0,0,0
1403638573.4778295,87,85,78,112,106,93,108,0,108,1
1403638573.5278296,87,83,83,108,106,106,0,0,0,0
1403638573.5778294,83,80,76,106,100,88,104,2,102,1
1403638573.6278296,79,78,78,102,99,99,0,0,0,0
1403638573.6778295,78,77,67,99,95,84,111,0,111,1
1403638573.7278297,79,72,72,111,107,107,0,0,0,0
1403638573.7778294,72,68,63,107,102,80,97,0,97,1
1403638573.8278296,70,67,67,97,91,91,0,0,0,0
1403638573.8778296,67,63,58,91,86,58,86,0,86,1
1403638573.9278295,64,61,61,86,83,83,0,0,0,0
1403638573.9778295,61,58,56,83,79,66,89,0,89,1
1403638574.0278296,64,56,56,89,84,84,0,0,0,0
1403638574.0778294,56,53,48,84,79,68,90,0,90,1
1403638574.1278296,55,53,53,90,82,82,0,0,0,0
1403638574.1778295,53,50,46,82,77,62,81,0,81,1
1403638574.2278297,56,54,54,81,76,76,0,0,0,0
1403638574.2778294,54,48,46,76,70,60,94,0,94,1
1403638574.3278296,51,48,48,94,80,80,0,0,0,0
1403638574.3778296,48,48,43,80,78,62,81,0,81,1
1403638574.4278295,46,43,43,81,75,75,0,0,0,0
1403638574.4778295,43,43,39,75,73,64,77,0,77,1
1403638574.5278296,47,45,45,77,74,74,0,0,0,0
1403638574.5778294,45,44,39,74,71,58,85,0,85,1
1403638574.6278296,45,45,45,85,80,80,0,0,0,0
1403638574.6778295,45,44,40,80,77,61,74,0,74,1
1403638574.7278297,47,47,47,74,69,69,0,0,0,0
1403638574.7778294,47,47,44,69,68,58,71,0,71,1
1403638574.8278296,54,54,54,71,68,68,0,0,0,0
1403638574.8778296,54,52,47,68,65,52,71,0,71,1
1403638574.9278295,52,52,52,71,70,70,0,0,0,0
1403638574.9778295,52,52,48,70,69,51,66,0,66,1
1403638575.0278296,53,53,53,66,66,66,0,0,0,0
1403638575.0778294,53,52,48,66,65,60,86,2,84,1
1403638575.1278296,52,50,50,84,80,80,0,0,0,0
1403638575.1778295,50,50,47,80,79,69,79,1,78,1
1403638575.2278297,56,54,54,78,76,76,0,0,0,0
1403638575.2778294,54,53,48,76,76,69,98,0,98,1
1403638575.3278296,72,71,71,98,98,98,0,0,0,0
1403638575.3778296,71,70,66,98,97,82,97,0,97,1
1403638575.4278295,72,71,71,97,96,96,0,0,0,0
1403638575.4778295,71,70,65,96,94,79,95,0,95,1
1403638575.5278296,71,70,70,95,94,94,0,0,0,0
1403638575.5778294,70,70,66,94,91,77,87,0,87,1
1403638575.6278296,71,68,68,87,84,84,0,0,0,0
1403638575.6778295,68,66,62,84,84,73,85,0,85,1
1403638575.7278297,64,62,62,85,82,82,0,0,0,0
1403638575.7778294,62,60,59,82,77,66,87,0,87,1
1403638575.8278296,60,59,59,87,84,84,0,0,0,0
1403638575.8778296,59,58,58,84,81,73,82,0,82,1
1403638575.9278295,68,63,63,82,81,81,0,0,0,0
1403638575.9778295,63,59,59,81,80,68,83,0,83,1
1403638576.0278296,74,70,70,83,83,83,0,0,0,0
1403638576.0778294,70,70,69,83,83,71,83,0,83,1
1403638576.1278296,73,72,72,83,83,83,0,0,0,0
1403638576.1778295,72,71,67,83,83,73,84,1,83,1
1403638576.2278297,70,68,68,83,81,81,0,0,0,0
1403638576.2778294,68,68,65,81,81,66,89,0,89,1
1403638576.3278296,67,67,67,89,87,87,0,0,0,0
1403638576.3778296,67,66,62,87,87,76,89,4,85,1
1403638576.4278295,65,61,61,85,85,85,0,0,0,0
1403638576.4778295,61,59,54,85,81,74,92,0,92,1
1403638576.5278296,57,56,56,92,90,90,0,0,0,0
1403638576.5778294,56,56,53,90,89,77,86,0,86,1
1403638576.6278296,65,65,65,86,84,84,0,0,0,0
1403638576.6778295,65,63,61,84,83,71,102,1,101,1
1403638576.7278297,63,63,63,101,100,100,0,0,0,0
1403638576.7778294,63,62,61,100,99,84,95,0,95,1
1403638576.8278296,61,60,60,95,94,94,0,0,0,0
1403638576.8778296,60,58,56,94,92,72,83,0,83,1
1403638576.9278295,57,57,57,83,83,83,0,0,0,0
1403638576.9778295,57,56,52,83,82,71,91,0,91,1
1403638577.0278296,52,52,52,91,90,90,0,0,0,0
1403638577.0778294,52,51,51,90,89,78,92,0,92,1
1403638577.1278296,57,54,54,92,91,91,0,0,0,0
1403638577.1778295,54,54,51,91,91,76,103,6,97,1
1403638577.2278297,52,52,52,97,96,96,0,0,0,0
1403638577.2778294,52,51,50,96,95,82,97,0,97,1
1403638577.3278296,52,52,52,97,96,96,0,0,0,0
1403638577.3778296,52,52,50,96,94,84,93,0,93,1
1403638577.4278295,53,51,51,93,93,93,0,0,0,0
1403638577.4778295,51,51,50,93,93,79,98,0,98,1
1403638577.5278296,57,57,57,98,97,97,0,0,0,0
1403638577.5778294,57,55,54,97,94,80,91,0,91,1
1403638577.6278296,57,53,53,91,90,90,0,0,0,0
1403638577.6778295,53,52,49,90,90,76,108,0,108,1
1403638577.7278297,52,52,52,108,107,107,0,0,0,0
1403638577.7778294,52,51,48,107,107,95,127,5,122,1
1403638577.8278296,52,51,51,122,119,119,0,0,0,0
1403638577.8778296,51,51,45,119,118,99,133,0,133,1
1403638577.9278295,48,48,48,133,132,132,0,0,0,0
1403638577.9778295,48,48,47,132,132,100,116,4,112,1
1403638578.0278296,49,48,48,112,112,112,0,0,0,0
1403638578.0778294,48,48,47,112,112,102,121,2,119,1
1403638578.1278296,51,48,48,119,119,119,0,0,0,0
1403638578.1778295,48,48,48,119,118,87,121,2,119,1
1403638578.2278297,49,49,49,119,118,118,0,0,0,0
1403638578.2778294,49,49,47,118,118,91,109,5,104,1
1403638578.3278296,49,49,49,104,104,104,0,0,0,0
1403638578.3778296,49,49,47,104,104,85,121,3,118,1
1403638578.4278295,49,49,49,118,113,113,0,0,0,0
1403638578.4778295,49,47,45,113,111,93,146,13,133,1
1403638578.5278296,49,48,48,133,129,129,0,0,0,0
1403638578.5778294,48,47,47,129,123,103,149,8,141,1
1403638578.6278296,48,48,48,141,139,139,0,0,0,0
1403638578.6778295,48,46,46,139,135,95,138,4,134,1
1403638578.7278297,46,45,45,134,128,128,0,0,0,0
1403638578.7778294,45,45,45,128,125,109,149,12,137,1
1403638578.8278296,45,44,44,137,136,136,0,0,0,0
1403638578.8778296,44,44,42,136,136,103,140,5,135,1
1403638578.9278295,45,44,44,135,132,132,0,0,0,0
1403638578.9778295,44,44,41,132,131,104,150,6,144,1
1403638579.0278296,44,44,44,144,140,140,0,0,0,0
1403638579.0778294,44,44,43,140,139,110,145,4,141,1
1403638579.1278296,44,44,44,141,138,138,0,0,0,0
1403638579.1778295,44,43,42,138,134,116,127,1,126,1
1403638579.2278297,43,42,42,126,121,121,0,0,0,0
1403638579.2778294,42,41,40,121,119,100,134,2,132,1
1403638579.3278296,42,42,42,132,129,129,0,0,0,0
1403638579.3778296,42,42,40,129,123,88,128,1,127,1
1403638579.4278295,41,41,41,127,126,126,0,0,0,0
1403638579.4778295,41,41,40,126,126,96,136,0,136,1
1403638579.5278296,42,42,42,136,132,132,0,0,0,0
1403638579.5778294,42,40,40,132,127,103,131,3,128,1
1403638579.6278296,40,40,40,128,128,128,0,0,0,0
1403638579.6778295,40,40,39,128,123,92,150,0,150,1
1403638579.7278297,40,40,40,150,144,144,0,0,0,0
1403638579.7778294,40,39,38,144,139,96,128,1,127,1
1403638579.8278296,39,38,38,127,124,124,0,0,0,0
1403638579.8778296,38,37,35,124,123,84,131,1,130,1
1403638579.9278295,36,33,33,130,129,129,0,0,0,0
1403638579.9778295,33,33,32,129,127,91,130,10,120,1
1403638580.0278296,34,34,34,120,117,117,0,0,0,0
1403638580.0778294,34,31,29,117,109,81,133,8,125,1
1403638580.1278296,31,30,30,125,122,122,0,0,0,0
1403638580.1778295,30,27,27,122,115,75,142,6,136,1
1403638580.2278297,28,28,28,136,130,130,0,0,0,0
1403638580.2778294,28,28,27,130,126,79,127,9,118,1
1403638580.3278296,31,28,28,118,115,115,0,0,0,0
1403638580.3778296,28,28,27,115,111,73,132,16,116,1
1403638580.4278295,30,29,29,116,113,113,0,0,0,0
1403638580.4778295,29,25,25,113,112,70,133,10,123,1
1403638580.5278296,31,29,29,123,120,120,0,0,0,0
1403638580.5778294,29,29,29,120,116,83,150,17,133,1
1403638580.6278296,30,29,29,133,129,129,0,0,0,0
1403638580.6778295,29,28,27,129,128,91,137,14,123,1
1403638580.7278297,28,28,28,123,120,120,0,0,0,0
1403638580.7778294,28,26,26,120,116,77,132,5,127,1
1403638580.8278296,27,26,26,127,123,123,0,0,0,0
1403638580.8778296,26,26,26,123,123,86,132,12,120,1
1403638580.9278295,26,26,26,120,118,118,0,0,0,0
1403638580.9778295,26,26,26,118,117,98,150,12,138,1
1403638581.0278296,26,26,26,138,137,137,0,0,0,0
1403638581.0778294,26,26,26,137,137,106,150,10,140,1
1403638581.1278296,26,26,26,140,138,138,0,0,0,0
1403638581.1778295,26,26,25,138,133,97,150,11,139,1
1403638581.2278297,27,26,26,139,133,133,0,0,0,0
1403638581.2778294,26,26,26,133,126,89,150,21,129,1
1403638581.3278296,26,26,26,129,124,124,0,0,0,0
1403638581.3778296,26,25,25,124,120,86,138,0,138,1
1403638581.4278295,26,26,26,138,133,133,0,0,0,0
1403638581.4778295,26,26,26,133,123,83,145,4,141,1
1403638581.5278296,26,26,26,141,139,139,0,0,0,0
1403638581.5778294,26,26,26,139,134,92,150,13,137,1
1403638581.6278296,28,28,28,137,128,128,0,0,0,0
1403638581.6778295,28,28,27,128,123,77,123,5,118,1
1403638581.7278297,30,30,30,118,115,115,0,0,0,0
1403638581.7778294,30,30,29,115,113,87,147,0,147,1
1403638581.8278296,30,30,30,147,147,147,0,0,0,0
1403638581.8778296,30,30,30,147,139,85,150,6,144,1
1403638581.9278295,30,29,29,144,138,138,0,0,0,0
1403638581.9778295,29,29,29,138,132,87,133,7,126,1
1403638582.0278296,30,29,29,126,123,123,0,0,0,0
1403638582.0778294,29,29,29,123,120,94,150,14,136,1
1403638582.1278296,30,30,30,136,131,131,0,0,0,0
1403638582.1778295,30,30,30,131,124,87,148,11,137,1
1403638582.2278297,30,29,29,137,136,136,0,0,0,0
1403638582.2778294,29,29,29,136,133,93,131,12,119,1
1403638582.3278296,30,29,29,119,113,113,0,0,0,0
1403638582.3778296,29,29,28,113,106,73,150,6,144,1
1403638582.4278295,28,28,28,144,141,141,0,0,0,0
1403638582.4778295,28,28,27,141,140,88,136,8,128,1
1403638582.5278296,28,28,28,128,127,127,0,0,0,0
1403638582.5778294,28,28,28,127,126,78,143,1,142,1
1403638582.6278296,30,30,30,142,140,140,0,0,0,0
1403638582.6778295,30,30,30,140,138,94,150,6,144,1
1403638582.7278297,29,29,29,144,144,144,0,0,0,0
1403638582.7778294,29,29,29,144,143,94,128,7,121,1
1403638582.8278296,30,30,30,121,119,119,0,0,0,0
1403638582.8778296,30,30,30,119,118,89,142,10,132,1
1403638582.9278295,31,31,31,132,131,131,0,0,0,0
1403638582.9778295,31,31,31,131,128,88,125,14,111,1
1403638583.0278296,31,31,31,111,111,111,0,0,0,0
1403638583.0778294,31,31,30,111,108,78,134,6,128,1
1403638583.1278296,31,31,31,128,127,127,0,0,0,0
1403638583.1778295,31,31,31,127,123,95,150,8,142,1
1403638583.2278297,31,31,31,142,141,141,0,0,0,0
1403638583.2778294,31,31,31,141,140,106,150,11,139,1
1403638583.3278296,31,31,31,139,138,138,0,0,0,0
1403638583.3778296,31,31,30,138,136,93,134,4,130,1
1403638583.4278295,30,30,30,130,129,129,0,0,0,0
1403638583.4778295,30,29,29,129,129,97,150,7,143,1
1403638583.5278296,29,29,29,143,143,143,0,0,0,0
1403638583.5778294,29,29,29,143,140,101,140,2,138,1
1403638583.6278296,29,29,29,138,138,138,0,0,0,0
1403638583.6778295,29,29,29,138,137,94,139,3,136,1
1403638583.7278297,29,29,29,136,135,135,0,0,0,0
1403638583.7778294,29,29,29,135,131,92,138,0,138,1
1403638583.8278296,29,29,29,138,134,134,0,0,0,0
1403638583.8778296,29,29,27,134,132,93,142,1,141,1
1403638583.9278295,28,28,28,141,141,141,0,0,0,0
1403638583.9778295,28,28,27,141,140,106,150,1,149,1
1403638584.0278296,28,28,28,149,149,149,0,0,0,0
1403638584.0778294,28,28,28,149,144,88,127,1,126,1
1403638584.1278296,29,29,29,126,125,125,0,0,0,0
1403638584.1778295,29,29,29,125,120,78,110,0,110,1
1403638584.2278297,30,30,30,110,107,107,0,0,0,0
1403638584.2778294,30,30,30,107,104,71,138,1,137,1
1403638584.3278296,32,32,32,137,132,132,0,0,0,0
1403638584.3778296,32,32,32,132,128,91,144,10,134,1
1403638584.4278295,32,32,32,134,134,134,0,0,0,0
1403638584.4778295,32,32,32,134,132,103,147,9,138,1
1403638584.5278296,33,33,33,138,134,134,0,0,0,0
1403638584.5778294,33,32,32,134,132,101,150,8,142,1
1403638584.6278296,33,33,33,142,142,142,0,0,0,0
1403638584.6778295,33,33,32,142,140,108,150,0,150,1
1403638584.7278297,32,32,32,150,149,149,0,0,0,0
1403638584.7778294,32,32,32,149,138,94,131,1,130,1
1403638584.8278296,32,31,31,130,128,128,0,0,0,0
1403638584.8778296,31,31,30,128,127,97,148,0,148,1
1403638584.9278295,32,31,31,148,146,146,0,0,0,0
1403638584.9778295,31,31,30,146,143,111,150,0,150,1
1403638585.0278296,31,31,31,150,150,150,0,0,0,0
1403638585.0778294,31,31,31,150,149,114,150,5,145,1
1403638585.1278296,31,31,31,145,145,145,0,0,0,0
1403638585.1778295,31,31,31,145,145,106,141,0,141,1
1403638585.2278297,32,32,32,141,141,141,0,0,0,0
1403638585.2778294,32,32,32,141,140,114,150,9,141,1
1403638585.3278296,32,32,32,141,140,140,0,0,0,0
1403638585.3778296,32,32,31,140,140,102,148,3,145,1
1403638585.4278295,33,33,33,145,144,144,0,0,0,0
1403638585.4778295,33,32,32,144,142,106,146,4,142,1
1403638585.5278296,32,32,32,142,140,140,0,0,0,0
1403638585.5778294,32,32,31,140,137,101,150,0,150,1
1403638585.6278296,31,31,31,150,150,150,0,0,0,0
1403638585.6778295,31,31,29,150,147,108,140,0,140,1
1403638585.7278297,30,29,29,140,137,137,0,0,0,0
1403638585.7778294,29,28,27,137,132,96,122,0,122,1
1403638585.8278296,30,29,29,122,119,119,0,0,0,0
1403638585.8778296,29,29,28,119,119,92,150,0,150,1
1403638585.9278295,30,30,30,150,149,149,0,0,0,0
1403638585.9778295,30,30,27,149,145,104,150,6,144,1
1403638586.0278296,28,27,27,144,140,140,0,0,0,0
1403638586.0778294,27,27,25,140,138,94,130,6,124,1
1403638586.1278296,27,27,27,124,123,123,0,0,0,0
1403638586.1778295,27,27,25,123,123,96,150,6,144,1
1403638586.2278297,29,29,29,144,143,143,0,0,0,0
1403638586.2778294,29,29,27,143,138,102,140,7,133,1
1403638586.3278296,30,30,30,133,131,131,0,0,0,0
1403638586.3778296,30,30,28,131,124,86,139,7,132,1
1403638586.4278295,32,32,32,132,129,129,0,0,0,0
1403638586.4778295,32,32,31,129,126,101,130,7,123,1
1403638586.5278296,31,31,31,123,122,122,0,0,0,0
1403638586.5778294,31,31,30,122,122,98,131,11,120,1
1403638586.6278296,33,33,33,120,119,119,0,0,0,0
1403638586.6778295,33,33,31,119,119,102,145,0,145,1
1403638586.7278297,33,33,33,145,145,145,0,0,0,0
1403638586.7778294,33,33,31,145,141,97,150,9,141,1
1403638586.8278296,33,33,33,141,139,139,0,0,0,0
1403638586.8778296,33,33,32,139,134,106,137,10,127,1
1403638586.9278295,32,32,32,127,127,127,0,0,0,0
1403638586.9778295,32,32,31,127,127,98,131,0,131,1
1403638587.0278296,31,31,31,131,130,130,0,0,0,0
1403638587.0778294,31,31,30,130,129,95,132,2,130,1
1403638587.1278296,44,44,44,130,130,130,0,0,0,0
1403638587.1778295,44,44,40,130,130,99,150,5,145,1
1403638587.2278297,40,39,39,145,144,144,0,0,0,0
1403638587.2778294,39,38,36,144,143,106,150,10,140,1
1403638587.3278296,39,39,39,140,137,137,0,0,0,0
1403638587.3778296,39,39,38,137,135,97,150,8,142,1
1403638587.4278295,39,39,39,142,140,140,0,0,0,0
1403638587.4778295,39,39,38,140,137,105,146,6,140,1
1403638587.5278296,37,37,37,140,140,140,0,0,0,0
1403638587.5778294,37,37,36,140,139,111,138,3,135,1
1403638587.6278296,36,36,36,135,135,135,0,0,0,0
1403638587.6778295,36,36,35,135,135,106,150,0,150,1
1403638587.7278297,37,37,37,150,146,146,0,0,0,0
1403638587.7778294,37,37,34,146,144,105,149,6,143,1
1403638587.8278296,37,37,37,143,143,143,0,0,0,0
1403638587.8778296,37,37,35,143,142,110,134,0,134,1
1403638587.9278295,38,38,38,134,134,134,0,0,0,0
1403638587.9778295,38,38,36,134,134,108,150,0,150,1
1403638588.0278296,37,37,37,150,149,149,0,0,0,0
1403638588.0778294,37,36,34,149,148,116,127,8,119,1
1403638588.1278296,38,37,37,119,119,119,0,0,0,0
1403638588.1778295,37,37,32,119,117,88,138,0,138,1
1403638588.2278297,34,34,34,138,138,138,0,0,0,0
1403638588.2778294,34,34,32,138,137,108,132,3,129,1
1403638588.3278296,35,35,35,129,128,128,0,0,0,0
1403638588.3778296,35,35,30,128,127,87,128,0,128,1
1403638588.4278295,32,32,32,128,128,128,0,0,0,0
1403638588.4778295,32,32,31,128,128,101,122,0,122,1
1403638588.5278296,36,36,36,122,121,121,0,0,0,0
1403638588.5778294,36,36,34,121,121,91,117,0,117,1
1403638588.6278296,36,36,36,117,116,116,0,0,0,0
1403638588.6778295,36,36,34,116,116,87,123,2,121,1
1403638588.7278297,36,36,36,121,121,121,0,0,0,0
1403638588.7778294,36,36,33,121,120,96,124,0,124,1
1403638588.8278296,36,36,36,124,124,124,0,0,0,0
1403638588.8778296,36,36,32,124,122,103,128,0,128,1
1403638588.9278295,34,34,34,128,128,128,0,0,0,0
1403638588.9778295,34,34,31,128,127,107,127,0,127,1
1403638589.0278296,35,35,35,127,127,127,0,0,0,0
1403638589.0778294,35,35,33,127,125,102,135,7,128,1
1403638589.1278296,34,34,34,128,128,128,0,0,0,0
1403638589.1778295,34,34,33,128,128,104,129,0,129,1
1403638589.2278297,40,40,40,129,128,128,0,0,0,0
1403638589.2778294,40,40,39,128,127,103,126,1,125,1
1403638589.3278296,42,42,42,125,125,125,0,0,0,0
1403638589.3778296,42,42,39,125,122,92,132,0,132,1
1403638589.4278295,43,43,43,132,130,130,0,0,0,0
1403638589.4778295,43,43,39,130,127,106,127,5,122,1
1403638589.5278296,42,42,42,122,122,122,0,0,0,0
1403638589.5778294,42,42,36,122,122,102,123,0,123,1
1403638589.6278296,40,40,40,123,123,123,0,0,0,0
1403638589.6778295,40,40,38,123,122,102,132,0,132,1
1403638589.7278297,40,40,40,132,130,130,0,0,0,0
1403638589.7778294,40,39,39,130,130,95,141,0,141,1
1403638589.8278296,46,46,46,141,140,140,0,0,0,0
1403638589.8778296,46,45,40,140,139,113,142,0,142,1
1403638589.9278295,40,40,40,142,142,142,0,0,0,0
1403638589.9778295,40,40,39,142,142,118,150,0,150,1
1403638590.0278296,51,51,51,150,150,150,0,0,0,0
1403638590.0778294,51,51,49,150,149,119,150,0,150,1
1403638590.1278296,55,55,55,150,149,149,0,0,0,0
1403638590.1778295,55,55,54,149,148,122,149,0,149,1
1403638590.2278297,53,53,53,149,147,147,0,0,0,0
1403638590.2778294,53,53,52,147,146,119,142,0,142,1
1403638590.3278296,55,55,55,142,142,142,0,0,0,0
1403638590.3778296,55,55,53,142,142,111,131,0,131,1
1403638590.4278295,61,61,61,131,131,131,0,0,0,0
1403638590.4778295,61,60,57,131,129,108,131,0,131,1
1403638590.5278296,58,57,57,131,131,131,0,0,0,0
1403638590.5778294,57,57,57,131,130,102,115,0,115,1
1403638590.6278296,55,55,55,115,114,114,0,0,0,0
1403638590.6778295,55,55,52,114,114,84,106,0,106,1
1403638590.7278297,57,57,57,106,106,106,0,0,0,0
1403638590.7778294,57,56,55,106,106,93,112,0,112,1
1403638590.8278296,61,61,61,112,112,112,0,0,0,0
1403638590.8778296,61,60,56,112,111,94,109,7,102,1
1403638590.9278295,58,58,58,102,102,102,0,0,0,0
1403638590.9778295,58,58,56,102,102,86,119,0,119,1
1403638591.0278296,58,58,58,119,118,118,0,0,0,0
1403638591.0778294,58,58,57,118,118,94,124,0,124,1
1403638591.1278296,64,62,62,124,124,124,0,0,0,0
1403638591.1778295,62,60,57,124,121,97,128,0,128,1
1403638591.2278297,65,63,63,128,126,126,0,0,0,0
1403638591.2778294,63,63,59,126,121,95,128,0,128,1
1403638591.3278296,60,59,59,128,125,125,0,0,0,0
1403638591.3778296,59,56,51,125,122,94,119,0,119,1
1403638591.4278295,57,56,56,119,118,118,0,0,0,0
1403638591.4778295,56,55,53,118,118,88,115,0,115,1
1403638591.5278296,56,56,56,115,111,111,0,0,0,0
1403638591.5778294,56,56,49,111,109,91,124,0,124,1
1403638591.6278296,57,56,56,124,123,123,0,0,0,0
1403638591.6778295,56,56,55,123,122,97,122,0,122,1
1403638591.7278297,57,57,57,122,122,122,0,0,0,0
1403638591.7778294,57,56,54,122,121,98,122,0,122,1
1403638591.8278296,59,59,59,122,120,120,0,0,0,0
1403638591.8778296,59,59,54,120,118,98,119,0,119,1
1403638591.9278295,60,60,60,119,116,116,0,0,0,0
1403638591.9778295,60,60,58,116,114,97,115,0,115,1
1403638592.0278296,60,59,59,115,113,113,0,0,0,0
1403638592.0778294,59,58,58,113,110,93,125,0,125,1
1403638592.1278296,60,60,60,125,122,122,0,0,0,0
1403638592.1778295,60,60,56,122,119,98,111,0,111,1
1403638592.2278297,59,56,56,111,108,108,0,0,0,0
1403638592.2778294,56,56,55,108,105,85,113,0,113,1
1403638592.3278296,60,58,58,113,110,110,0,0,0,0
1403638592.3778296,58,56,53,110,106,83,110,0,110,1
1403638592.4278295,60,60,60,110,108,108,0,0,0,0
1403638592.4778295,60,59,50,108,106,79,107,0,107,1
1403638592.5278296,57,54,54,107,107,107,0,0,0,0
1403638592.5778294,54,54,48,107,104,82,108,0,108,1
1403638592.6278296,56,53,53,108,107,107,0,0,0,0
1403638592.6778295,53,52,45,107,106,76,100,0,100,1
1403638592.7278297,50,48,48,100,98,98,0,0,0,0
1403638592.7778294,48,48,45,98,96,72,117,0,117,1
1403638592.8278296,55,55,55,117,114,114,0,0,0,0
1403638592.8778296,55,55,53,114,113,81,123,0,123,1
1403638592.9278295,57,57,57,123,123,123,0,0,0,0
1403638592.9778295,57,57,56,123,121,90,116,0,116,1
1403638593.0278296,66,65,65,116,112,112,0,0,0,0
1403638593.0778294,65,64,62,112,111,92,107,0,107,1
1403638593.1278296,84,83,83,107,106,106,0,0,0,0
1403638593.1778295,83,80,67,106,104,81,107,0,107,1
1403638593.2278297,72,71,71,107,105,105,0,0,0,0
1403638593.2778294,71,69,67,105,104,72,118,0,118,1
1403638593.3278296,75,70,70,118,116,116,0,0,0,0
1403638593.3778296,70,70,63,116,112,76,116,0,116,1
1403638593.4278295,70,69,69,116,111,111,0,0,0,0
1403638593.4778295,69,68,65,111,110,80,119,0,119,1
1403638593.5278296,72,71,71,119,118,118,0,0,0,0
1403638593.5778294,71,71,67,118,117,81,111,0,111,1
1403638593.6278296,70,70,70,111,111,111,0,0,0,0
1403638593.6778295,70,70,64,111,111,90,114,0,114,1
1403638593.7278297,71,71,71,114,113,113,0,0,0,0
1403638593.7778294,71,71,67,113,112,100,130,0,130,1
1403638593.8278296,76,73,73,130,124,124,0,0,0,0
1403638593.8778296,73,71,64,124,119,86,120,0,120,1
1403638593.9278295,68,68,68,120,115,115,0,0,0,0
1403638593.9778295,68,68,67,115,114,87,115,0,115,1
1403638594.0278296,80,80,80,115,114,114,0,0,0,0
1403638594.0778294,80,80,74,114,111,82,111,0,111,1
1403638594.1278296,78,76,76,111,109,109,0,0,0,0
1403638594.1778295,76,74,73,109,108,86,124,0,124,1
1403638594.2278297,73,73,73,124,123,123,0,0,0,0
1403638594.2778294,73,73,68,123,123,99,121,0,121,1
1403638594.3278296,74,74,74,121,119,119,0,0,0,0
1403638594.3778296,74,74,71,119,119,99,124,0,124,1
1403638594.4278295,74,74,74,124,122,122,0,0,0,0
1403638594.4778295,74,74,71,122,120,89,116,4,112,1
1403638594.5278296,74,74,74,112,112,112,0,0,0,0
1403638594.5778294,74,74,68,112,111,85,116,0,116,1
1403638594.6278296,74,74,74,116,116,116,0,0,0,0
1403638594.6778295,74,74,71,116,115,91,111,0,111,1
1403638594.7278297,75,75,75,111,111,111,0,0,0,0
1403638594.7778294,75,74,70,111,111,93,112,0,112,1
1403638594.8278296,72,72,72,112,112,112,0,0,0,0
1403638594.8778296,72,72,69,112,112,96,129,0,129,1
1403638594.9278295,74,74,74,129,129,129,0,0,0,0
1403638594.9778295,74,74,72,129,129,104,147,0,147,1
1403638595.0278296,73,73,73,147,146,146,0,0,0,0
1403638595.0778294,73,73,68,146,146,120,143,0,143,1
1403638595.1278296,73,73,73,143,143,143,0,0,0,0
1403638595.1778295,73,73,71,143,143,133,150,0,150,1
1403638595.2278297,73,73,73,150,150,150,0,0,0,0
1403638595.2778294,73,73,70,150,150,135,146,0,146,1
1403638595.3278296,71,71,71,146,146,146,0,0,0,0
1403638595.3778296,71,71,70,146,146,128,141,0,141,1
1403638595.4278295,70,70,70,141,141,141,0,0,0,0
1403638595.4778295,70,70,70,141,141,128,144,0,144,1
1403638595.5278296,70,70,70,144,144,144,0,0,0,0
1403638595.5778294,70,70,70,144,144,136,141,0,141,1
1403638595.6278296,70,70,70,141,141,141,0,0,0,0
1403638595.6778295,70,70,70,141,141,127,143,0,143,1
1403638595.7278297,70,70,70,143,143,143,0,0,0,0
1403638595.7778294,70,70,69,143,143,129,147,0,147,1
1403638595.8278296,74,74,74,147,147,147,0,0,0,0
1403638595.8778296,74,74,74,147,147,139,142,0,142,1
1403638595.9278295,74,74,74,142,142,142,0,0,0,0
1403638595.9778295,74,74,74,142,142,126,146,0,146,1
1403638596.0278296,75,75,75,146,145,145,0,0,0,0
1403638596.0778294,75,73,67,145,141,117,138,0,138,1
1403638596.1278296,71,71,71,138,138,138,0,0,0,0
1403638596.1778295,71,70,66,138,137,104,127,0,127,1
1403638596.2278297,71,70,70,127,125,125,0,0,0,0
1403638596.2778294,70,70,69,125,125,101,136,0,136,1
1403638596.3278296,70,70,70,136,136,136,0,0,0,0
1403638596.3778296,70,70,70,136,136,113,127,0,127,1
1403638596.4278295,78,77,77,127,127,127,0,0,0,0
1403638596.4778295,77,77,74,127,126,111,115,0,115,1
1403638596.5278296,81,81,81,115,115,115,0,0,0,0
1403638596.5778294,81,80,80,115,115,103,127,0,127,1
1403638596.6278296,82,82,82,127,126,126,0,0,0,0
1403638596.6778295,82,81,77,126,125,107,133,0,133,1
1403638596.7278297,80,80,80,133,133,133,0,0,0,0
1403638596.7778294,80,79,75,133,132,109,128,4,124,1
1403638596.8278296,84,84,84,124,124,124,0,0,0,0
1403638596.8778296,84,84,75,124,123,88,116,0,116,1
1403638596.9278295,81,81,81,116,116,116,0,0,0,0
1403638596.9778295,81,81,78,116,114,90,117,0,117,1
1403638597.0278296,81,81,81,117,116,116,0,0,0,0
1403638597.0778294,81,81,81,116,114,95,129,0,129,1
1403638597.1278296,83,82,82,129,126,126,0,0,0,0
1403638597.1778295,82,82,79,126,124,102,121,0,121,1
1403638597.2278297,86,86,86,121,119,119,0,0,0,0
1403638597.2778294,86,85,73,119,118,97,131,1,130,1
1403638597.3278296,84,84,84,130,130,130,0,0,0,0
1403638597.3778296,84,83,73,130,125,92,110,6,104,1
1403638597.4278295,71,71,71,104,103,103,0,0,0,0
1403638597.4778295,71,69,66,103,100,84,93,0,93,1
1403638597.5278296,80,80,80,93,92,92,0,0,0,0
1403638597.5778294,80,80,75,92,90,73,86,0,86,1
1403638597.6278296,78,78,78,86,84,84,0,0,0,0
1403638597.6778295,78,78,71,84,84,72,107,1,106,1
1403638597.7278297,87,87,87,106,105,105,0,0,0,0
1403638597.7778294,87,87,84,105,103,86,95,1,94,1
1403638597.8278296,88,88,88,94,93,93,0,0,0,0
1403638597.8778296,88,86,72,93,91,77,97,1,96,1
1403638597.9278295,78,77,77,96,95,95,0,0,0,0
1403638597.9778295,77,77,71,95,95,77,103,0,103,1
1403638598.0278296,84,84,84,103,102,102,0,0,0,0
1403638598.0778294,84,84,72,102,98,84,94,0,94,1
1403638598.1278296,79,78,78,94,90,90,0,0,0,0
1403638598.1778295,78,76,67,90,89,74,93,0,93,1
1403638598.2278297,71,70,70,93,91,91,0,0,0,0
1403638598.2778294,70,70,66,91,90,68,73,0,73,1
1403638598.3278296,74,73,73,73,70,70,0,0,0,0
1403638598.3778296,73,72,63,70,66,58,89,0,89,1
1403638598.4278295,70,69,69,89,87,87,0,0,0,0
1403638598.4778295,69,68,60,87,84,75,93,0,93,1
1403638598.5278296,75,75,75,93,92,92,0,0,0,0
1403638598.5778294,75,72,66,92,89,72,87,0,87,1
1403638598.6278296,74,74,74,87,86,86,0,0,0,0
1403638598.6778295,74,74,67,86,84,64,80,0,80,1
1403638598.7278297,82,82,82,80,80,80,0,0,0,0
1403638598.7778294,82,82,69,80,80,58,81,0,81,1
1403638598.8278296,77,76,76,81,80,80,0,0,0,0
1403638598.8778296,76,75,67,80,80,57,92,0,92,1
1403638598.9278295,75,75,75,92,90,90,0,0,0,0
1403638598.9778295,75,75,62,90,87,62,96,0,96,1
1403638599.0278296,74,74,74,96,93,93,0,0,0,0
1403638599.0778294,74,71,60,93,92,68,89,0,89,1
1403638599.1278296,73,73,73,89,87,87,0,0,0,0
1403638599.1778295,73,71,62,87,83,65,89,0,89,1
1403638599.2278297,70,68,68,89,84,84,0,0,0,0
1403638599.2778294,68,67,58,84,82,66,82,0,82,1
1403638599.3278296,68,67,67,82,78,78,0,0,0,0
1403638599.3778296,67,65,59,78,74,58,88,0,88,1
1403638599.4278295,73,69,69,88,84,84,0,0,0,0
1403638599.4778295,69,68,55,84,84,65,88,0,88,1
1403638599.5278296,74,71,71,88,87,87,0,0,0,0
1403638599.5778294,71,71,60,87,85,66,79,0,79,1
1403638599.6278296,69,67,67,79,79,79,0,0,0,0
1403638599.6778295,67,65,62,79,78,67,81,0,81,1
1403638599.7278297,88,85,85,81,79,79,0,0,0,0
1403638599.7778294,85,84,71,79,77,66,86,0,86,1
1403638599.8278296,87,86,86,86,85,85,0,0,0,0
1403638599.8778296,86,83,60,85,85,66,95,0,95,1
1403638599.9278295,77,76,76,95,95,95,0,0,0,0
1403638599.9778295,76,76,68,95,94,74,93,2,91,1
1403638600.0278296,87,85,85,91,91,91,0,0,0,0
1403638600.0778294,85,82,60,91,90,76,98,0,98,1
1403638600.1278296,71,70,70,98,98,98,0,0,0,0
1403638600.1778295,70,68,52,98,92,68,103,0,103,1
1403638600.2278297,78,74,74,103,101,101,0,0,0,0
1403638600.2778294,74,71,61,101,98,73,114,0,114,1
1403638600.3278296,65,63,63,114,109,109,0,0,0,0
1403638600.3778296,63,61,54,109,104,79,109,0,109,1
1403638600.4278295,62,62,62,109,105,105,0,0,0,0
1403638600.4778295,62,59,46,105,101,76,112,0,112,1
1403638600.5278296,60,59,59,112,106,106,0,0,0,0
1403638600.5778294,59,57,45,106,104,82,113,0,113,1
1403638600.6278296,60,59,59,113,110,110,0,0,0,0
1403638600.6778295,59,59,52,110,104,74,105,0,105,1
1403638600.7278297,56,56,56,105,102,102,0,0,0,0
1403638600.7778294,56,55,46,102,98,85,105,0,105,1
1403638600.8278296,60,60,60,105,102,102,0,0,0,0
1403638600.8778296,60,60,50,102,101,86,125,0,125,1
1403638600.9278295,63,62,62,125,121,121,0,0,0,0
1403638600.9778295,62,58,50,121,119,89,114,0,114,1
1403638601.0278296,63,62,62,114,112,112,0,0,0,0
1403638601.0778294,62,62,56,112,110,88,121,0,121,1
1403638601.1278296,62,60,60,121,117,117,0,0,0,0
1403638601.1778295,60,59,51,117,114,96,124,0,124,1
1403638601.2278297,72,68,68,124,121,121,0,0,0,0
1403638601.2778294,68,66,57,121,120,99,128,0,128,1
1403638601.3278296,65,61,61,128,121,121,0,0,0,0
1403638601.3778296,61,61,54,121,119,97,139,0,139,1
1403638601.4278295,74,70,70,139,133,133,0,0,0,0
1403638601.4778295,70,70,59,133,130,96,143,0,143,1
1403638601.5278296,69,67,67,143,137,137,0,0,0,0
1403638601.5778294,67,64,52,137,137,91,139,0,139,1
1403638601.6278296,65,64,64,139,136,136,0,0,0,0
1403638601.6778295,64,62,52,136,135,104,150,0,150,1
1403638601.7278297,62,61,61,150,147,147,0,0,0,0
1403638601.7778294,61,59,51,147,143,112,134,0,134,1
1403638601.8278296,61,58,58,134,131,131,0,0,0,0
1403638601.8778296,58,57,48,131,128,100,125,0,125,1
1403638601.9278295,66,63,63,125,123,123,0,0,0,0
1403638601.9778295,63,61,46,123,120,86,125,0,125,1
1403638602.0278296,78,76,76,125,123,123,0,0,0,0
1403638602.0778294,76,73,59,123,122,97,142,0,142,1
1403638602.1278296,76,71,71,142,133,133,0,0,0,0
1403638602.1778295,71,70,55,133,133,101,150,0,150,1
1403638602.2278297,80,76,76,150,145,145,0,0,0,0
1403638602.2778294,76,73,66,145,141,103,133,0,133,1
1403638602.3278296,78,73,73,133,131,131,0,0,0,0
1403638602.3778296,73,67,57,131,127,106,145,0,145,1
1403638602.4278295,76,67,67,145,135,135,0,0,0,0
1403638602.4778295,67,64,48,135,126,86,141,0,141,1
1403638602.5278296,65,64,64,141,130,130,0,0,0,0
1403638602.5778294,64,59,45,130,123,82,140,0,140,1
1403638602.6278296,68,66,66,140,134,134,0,0,0,0
1403638602.6778295,66,64,56,134,131,87,131,0,131,1
1403638602.7278297,72,71,71,131,129,129,0,0,0,0
1403638602.7778294,71,70,59,129,126,83,126,0,126,1
1403638602.8278296,77,76,76,126,126,126,0,0,0,0
1403638602.8778296,76,73,52,126,121,81,124,0,124,1
1403638602.9278295,70,67,67,124,120,120,0,0,0,0
1403638602.9778295,67,67,56,120,114,78,150,0,150,1
1403638603.0278296,75,72,72,150,144,144,0,0,0,0
1403638603.0778294,72,72,61,144,143,95,150,0,150,1
1403638603.1278296,70,70,70,150,144,144,0,0,0,0
1403638603.1778295,70,70,63,144,144,95,143,0,143,1
1403638603.2278297,91,90,90,143,140,140,0,0,0,0
1403638603.2778294,90,88,69,140,133,83,128,0,128,1
1403638603.3278296,87,85,85,128,123,123,0,0,0,0
1403638603.3778296,85,85,70,123,122,82,127,0,127,1
1403638603.4278295,89,88,88,127,122,122,0,0,0,0
1403638603.4778295,88,88,76,122,119,82,141,0,141,1
1403638603.5278296,87,87,87,141,138,138,0,0,0,0
1403638603.5778294,87,87,83,138,136,107,150,0,150,1
1403638603.6278296,87,85,85,150,144,144,0,0,0,0
1403638603.6778295,85,85,75,144,144,118,150,0,150,1
1403638603.7278297,86,85,85,150,150,150,0,0,0,0
1403638603.7778294,85,85,79,150,148,117,150,0,150,1
1403638603.8278296,88,87,87,150,149,149,0,0,0,0
1403638603.8778296,87,86,81,149,148,115,150,0,150,1
1403638603.9278295,88,87,87,150,149,149,0,0,0,0
1403638603.9778295,87,86,76,149,148,115,148,0,148,1
1403638604.0278296,100,100,100,148,148,148,0,0,0,0
1403638604.0778294,100,100,88,148,147,119,150,0,150,1
1403638604.1278296,92,92,92,150,150,150,0,0,0,0
1403638604.1778295,92,91,75,150,150,129,150,0,150,1
1403638604.2278297,87,87,87,150,150,150,0,0,0,0
1403638604.2778294,87,87,80,150,145,114,150,5,145,1
1403638604.3278296,86,86,86,145,140,140,0,0,0,0
1403638604.3778296,86,86,73,140,137,111,150,4,146,1
1403638604.4278295,84,84,84,146,145,145,0,0,0,0
1403638604.4778295,84,83,79,145,144,114,150,5,145,1
1403638604.5278296,88,86,86,145,144,144,0,0,0,0
1403638604.5778294,86,86,75,144,144,106,138,0,138,1
1403638604.6278296,90,89,89,138,135,135,0,0,0,0
1403638604.6778295,89,88,80,135,134,111,150,0,150,1
1403638604.7278297,96,96,96,150,150,150,0,0,0,0
1403638604.7778294,96,96,82,150,149,105,150,0,150,1
1403638604.8278296,100,100,100,150,150,150,0,0,0,0
1403638604.8778296,100,100,88,150,150,125,150,0,150,1
1403638604.9278295,96,95,95,150,149,149,0,0,0,0
1403638604.9778295,95,95,87,149,147,120,150,0,150,1
1403638605.0278296,94,93,93,150,148,148,0,0,0,0
1403638605.0778294,93,92,81,148,144,114,150,0,150,1
1403638605.1278296,95,92,92,150,144,144,0,0,0,0
1403638605.1778295,92,92,90,144,144,122,147,0,147,1
1403638605.2278297,104,103,103,147,145,145,0,0,0,0
1403638605.2778294,103,103,86,145,145,129,150,0,150,1
1403638605.3278296,106,105,105,150,149,149,0,0,0,0
1403638605.3778296,105,102,90,149,147,124,150,0,150,1
1403638605.4278295,108,106,106,150,146,146,0,0,0,0
1403638605.4778295,106,105,102,146,145,118,147,0,147,1
1403638605.5278296,108,106,106,147,146,146,0,0,0,0
1403638605.5778294,106,105,100,146,143,127,150,0,150,1
1403638605.6278296,108,107,107,150,149,149,0,0,0,0
1403638605.6778295,107,107,105,149,149,125,150,0,150,1
1403638605.7278297,110,110,110,150,150,150,0,0,0,0
1403638605.7778294,110,110,106,150,150,133,150,0,150,1
1403638605.8278296,110,110,110,150,149,149,0,0,0,0
1403638605.8778296,110,110,105,149,149,135,150,0,150,1
1403638605.9278295,110,110,110,150,149,149,0,0,0,0
1403638605.9778295,110,110,106,149,149,128,150,0,150,1
1403638606.0278296,112,112,112,150,150,150,0,0,0,0
1403638606.0778294,112,112,105,150,150,137,150,0,150,1
1403638606.1278296,109,108,108,150,150,150,0,0,0,0
1403638606.1778295,108,108,98,150,150,123,150,0,150,1
1403638606.2278297,109,108,108,150,150,150,0,0,0,0
1403638606.2778294,108,108,97,150,150,136,150,0,150,1
1403638606.3278296,115,114,114,150,149,149,0,0,0,0
1403638606.3778296,114,111,100,149,143,116,150,0,150,1
1403638606.4278295,110,107,107,150,143,143,0,0,0,0
1403638606.4778295,107,107,83,143,142,108,145,0,145,1
1403638606.5278296,97,96,96,145,142,142,0,0,0,0
1403638606.5778294,96,94,80,142,137,102,150,0,150,1
1403638606.6278296,122,122,122,150,149,149,0,0,0,0
1403638606.6778295,122,117,96,149,147,116,144,0,144,1
1403638606.7278297,112,108,108,144,134,134,0,0,0,0
1403638606.7778294,108,106,91,134,130,96,150,0,150,1
1403638606.8278296,109,105,105,150,141,141,0,0,0,0
1403638606.8778296,105,105,95,141,138,110,150,0,150,1
1403638606.9278295,100,98,98,150,146,146,0,0,0,0
1403638606.9778295,98,94,86,146,144,107,139,0,139,1
1403638607.0278296,93,92,92,139,135,135,0,0,0,0
1403638607.0778294,92,90,84,135,132,109,139,0,139,1
1403638607.1278296,122,116,116,139,135,135,0,0,0,0
1403638607.1778295,116,109,99,135,130,98,126,0,126,1
1403638607.2278297,104,102,102,126,120,120,0,0,0,0
1403638607.2778294,102,97,90,120,115,97,133,0,133,1
1403638607.3278296,104,100,100,133,126,126,0,0,0,0
1403638607.3778296,100,97,93,126,121,91,137,0,137,1
1403638607.4278295,105,102,102,137,131,131,0,0,0,0
1403638607.4778295,102,101,94,131,130,103,148,0,148,1
1403638607.5278296,103,102,102,148,145,145,0,0,0,0
1403638607.5778294,102,100,92,145,140,117,150,0,150,1
1403638607.6278296,99,99,99,150,149,149,0,0,0,0
1403638607.6778295,99,95,88,149,144,114,150,0,150,1
1403638607.7278297,104,102,102,150,147,147,0,0,0,0
1403638607.7778294,102,101,95,147,144,129,150,0,150,1
1403638607.8278296,102,102,102,150,147,147,0,0,0,0
1403638607.8778296,102,100,93,147,145,109,149,0,149,1
1403638607.9278295,119,116,116,149,145,145,0,0,0,0
1403638607.9778295,116,115,104,145,142,123,150,0,150,1
1403638608.0278296,116,112,112,150,144,144,0,0,0,0
1403638608.0778294,112,111,102,144,144,119,142,0,142,1
1403638608.1278296,109,109,109,142,141,141,0,0,0,0
1403638608.1778295,109,109,101,141,140,109,147,0,147,1
1403638608.2278297,111,109,109,147,141,141,0,0,0,0
1403638608.2778294,109,108,95,141,139,117,143,0,143,1
1403638608.3278296,107,103,103,143,139,139,0,0,0,0
1403638608.3778296,103,103,92,139,137,112,139,0,139,1
1403638608.4278295,105,104,104,139,139,139,0,0,0,0
1403638608.4778295,104,103,85,139,139,113,146,0,146,1
1403638608.5278296,112,111,111,146,146,146,0,0,0,0
1403638608.5778294,111,111,89,146,144,101,150,0,150,1
1403638608.6278296,107,106,106,150,148,148,0,0,0,0
1403638608.6778295,106,105,87,148,145,109,150,0,150,1
1403638608.7278297,112,111,111,150,149,149,0,0,0,0
1403638608.7778294,111,111,100,149,145,101,139,0,139,1
1403638608.8278296,120,118,118,139,136,136,0,0,0,0
1403638608.8778296,118,113,91,136,132,104,141,0,141,1
1403638608.9278295,103,101,101,141,138,138,0,0,0,0
1403638608.9778295,101,98,88,138,137,112,140,0,140,1
1403638609.0278296,111,108,108,140,137,137,0,0,0,0
1403638609.0778294,108,107,97,137,134,104,140,0,140,1
1403638609.1278296,132,132,132,140,140,140,0,0,0,0
1403638609.1778295,132,131,111,140,139,122,138,0,138,1
1403638609.2278297,135,134,134,138,137,137,0,0,0,0
1403638609.2778294,134,126,113,137,136,101,140,0,140,1
1403638609.3278296,130,128,128,140,139,139,0,0,0,0
1403638609.3778296,128,128,115,139,137,121,145,0,145,1
1403638609.4278295,132,132,132,145,143,143,0,0,0,0
1403638609.4778295,132,130,109,143,143,118,150,0,150,1
1403638609.5278296,131,130,130,150,148,148,0,0,0,0
1403638609.5778294,130,128,116,148,147,125,145,0,145,1
1403638609.6278296,124,123,123,145,143,143,0,0,0,0
1403638609.6778295,123,119,108,143,137,113,143,0,143,1
1403638609.7278297,121,119,119,143,140,140,0,0,0,0
1403638609.7778294,119,118,106,140,137,119,150,0,150,1
1403638609.8278296,122,122,122,150,148,148,0,0,0,0
1403638609.8778296,122,122,104,148,147,128,150,0,150,1
1403638609.9278295,120,119,119,150,147,147,0,0,0,0
1403638609.9778295,119,119,103,147,146,134,147,0,147,1
1403638610.0278296,120,119,119,147,146,146,0,0,0,0
1403638610.0778294,119,118,106,146,145,136,150,0,150,1
1403638610.1278296,129,128,128,150,150,150,0,0,0,0
1403638610.1778295,128,128,122,150,150,141,147,0,147,1
1403638610.2278297,127,126,126,147,145,145,0,0,0,0
1403638610.2778294,126,126,121,145,145,139,150,0,150,1
1403638610.3278296,132,131,131,150,150,150,0,0,0,0
1403638610.3778296,131,130,126,150,150,139,148,0,148,1
1403638610.4278295,129,129,129,148,148,148,0,0,0,0
1403638610.4778295,129,129,125,148,148,125,150,0,150,1
1403638610.5278296,128,127,127,150,150,150,0,0,0,0
1403638610.5778294,127,126,118,150,150,136,150,0,150,1
1403638610.6278296,132,129,129,150,147,147,0,0,0,0
1403638610.6778295,129,129,115,147,147,129,149,0,149,1
1403638610.7278297,129,129,129,149,149,149,0,0,0,0
1403638610.7778294,129,128,112,149,146,110,144,0,144,1
1403638610.8278296,129,126,126,144,140,140,0,0,0,0
1403638610.8778296,126,123,105,140,138,110,144,0,144,1
1403638610.9278295,125,122,122,144,142,142,0,0,0,0
1403638610.9778295,122,122,116,142,142,124,149,0,149,1
1403638611.0278296,132,132,132,149,148,148,0,0,0,0
1403638611.0778294,132,132,114,148,148,136,150,0,150,1
1403638611.1278296,126,126,126,150,150,150,0,0,0,0
1403638611.1778295,126,125,117,150,150,138,149,0,149,1
1403638611.2278297,123,123,123,149,149,149,0,0,0,0
1403638611.2778294,123,121,114,149,148,133,150,0,150,1
1403638611.3278296,120,117,117,150,146,146,0,0,0,0
1403638611.3778296,117,117,97,146,146,128,150,0,150,1
1403638611.4278295,114,112,112,150,146,146,0,0,0,0
1403638611.4778295,112,112,104,146,144,119,150,0,150,1
1403638611.5278296,123,121,121,150,147,147,0,0,0,0
1403638611.5778294,121,121,107,147,144,128,148,0,148,1
1403638611.6278296,127,127,127,148,147,147,0,0,0,0
1403638611.6778295,127,126,122,147,147,138,150,0,150,1
1403638611.7278297,124,122,122,150,149,149,0,0,0,0
1403638611.7778294,122,121,117,149,148,125,150,0,150,1
1403638611.8278296,134,133,133,150,150,150,0,0,0,0
1403638611.8778296,133,132,117,150,149,126,150,0,150,1
1403638611.9278295,132,132,132,150,148,148,0,0,0,0
1403638611.9778295,132,132,128,148,148,127,150,0,150,1
1403638612.0278296,131,129,129,150,149,149,0,0,0,0
1403638612.0778294,129,128,124,149,149,118,148,0,148,1
1403638612.1278296,134,131,131,148,146,146,0,0,0,0
1403638612.1778295,131,131,128,146,146,137,150,0,150,1
1403638612.2278297,145,144,144,150,149,149,0,0,0,0
1403638612.2778294,144,144,142,149,149,142,150,0,150,1
1403638612.3278296,147,147,147,150,150,150,0,0,0,0
1403638612.3778296,147,147,134,150,150,143,149,0,149,1
1403638612.4278295,145,145,145,149,149,149,0,0,0,0
1403638612.4778295,145,145,138,149,149,141,150,0,150,1
1403638612.5278296,149,148,148,150,150,150,0,0,0,0
1403638612.5778294,148,148,138,150,150,137,148,0,148,1
1403638612.6278296,146,144,144,148,147,147,0,0,0,0
1403638612.6778295,144,143,134,147,147,133,147,0,147,1
1403638612.7278297,144,143,143,147,147,147,0,0,0,0
1403638612.7778294,143,143,137,147,147,135,147,0,147,1
1403638612.8278296,145,145,145,147,147,147,0,0,0,0
1403638612.8778296,145,145,133,147,147,139,150,0,150,1
1403638612.9278295,143,143,143,150,150,150,0,0,0,0
1403638612.9778295,143,143,137,150,150,138,150,0,150,1
1403638613.0278296,144,144,144,150,149,149,0,0,0,0
1403638613.0778294,144,144,143,149,149,137,150,0,150,1
1403638613.1278296,150,150,150,150,150,150,0,0,0,0
1403638613.1778295,150,147,138,150,148,147,150,0,150,1
1403638613.2278297,148,148,148,150,150,150,0,0,0,0
1403638613.2778294,148,148,140,150,150,142,150,0,150,1
1403638613.3278296,149,149,149,150,150,150,0,0,0,0
1403638613.3778296,149,149,138,150,150,145,150,0,150,1
1403638613.4278295,144,144,144,150,150,150,0,0,0,0
1403638613.4778295,144,144,135,150,150,146,150,0,150,1
1403638613.5278296,149,149,149,150,150,150,0,0,0,0
1403638613.5778294,149,149,142,150,150,137,150,0,150,1
1403638613.6278296,150,150,150,150,150,150,0,0,0,0
1403638613.6778295,150,150,142,150,150,140,150,0,150,1
1403638613.7278297,150,148,148,150,149,149,0,0,0,0
1403638613.7778294,148,148,140,149,149,137,150,0,150,1
1403638613.8278296,148,147,147,150,149,149,0,0,0,0
1403638613.8778296,147,146,133,149,149,129,150,0,150,1
1403638613.9278295,147,145,145,150,149,149,0,0,0,0
1403638613.9778295,145,144,127,149,149,125,150,0,150,1
1403638614.0278296,145,142,142,150,148,148,0,0,0,0
1403638614.0778294,142,140,128,148,145,111,150,0,150,1
1403638614.1278296,141,136,136,150,147,147,0,0,0,0
1403638614.1778295,136,131,113,147,145,101,150,0,150,1
1403638614.2278297,138,132,132,150,146,146,0,0,0,0
1403638614.2778294,132,130,112,146,142,101,150,0,150,1
1403638614.3278296,143,138,138,150,146,146,0,0,0,0
1403638614.3778296,138,137,117,146,146,115,150,0,150,1
1403638614.4278295,131,128,128,150,149,149,0,0,0,0
1403638614.4778295,128,127,110,149,145,109,150,0,150,1
1403638614.5278296,129,128,128,150,149,149,0,0,0,0
1403638614.5778294,128,127,116,149,146,119,150,0,150,1
1403638614.6278296,137,135,135,150,148,148,0,0,0,0
1403638614.6778295,135,134,125,148,148,116,150,0,150,1
1403638614.7278297,131,126,126,150,148,148,0,0,0,0
1403638614.7778294,126,122,113,148,145,116,150,0,150,1
1403638614.8278296,123,119,119,150,148,148,0,0,0,0
1403638614.8778296,119,117,103,148,145,109,150,4,146,1
1403638614.9278295,113,110,110,146,143,143,0,0,0,0
1403638614.9778295,110,105,90,143,141,96,150,9,141,1
1403638615.0278296,111,107,107,141,137,137,0,0,0,0
1403638615.0778294,107,107,93,137,135,86,150,0,150,1
1403638615.1278296,111,108,108,150,144,144,0,0,0,0
1403638615.1778295,108,101,84,144,140,83,135,0,135,1
1403638615.2278297,105,100,100,135,132,132,0,0,0,0
1403638615.2778294,100,94,71,132,125,72,134,0,134,1
1403638615.3278296,107,98,98,134,131,131,0,0,0,0
1403638615.3778296,98,97,70,131,124,65,105,6,99,1
1403638615.4278295,86,83,83,99,95,95,0,0,0,0
1403638615.4778295,83,82,53,95,91,64,137,0,137,1
1403638615.5278296,84,79,79,137,130,130,0,0,0,0
1403638615.5778294,79,77,65,130,128,73,132,0,132,1
1403638615.6278296,80,78,78,132,128,128,0,0,0,0
1403638615.6778295,78,76,49,128,126,67,93,2,91,1
1403638615.7278297,84,81,81,91,88,88,0,0,0,0
1403638615.7778294,81,78,50,88,83,55,95,5,90,1
1403638615.8278296,63,60,60,90,86,86,0,0,0,0
1403638615.8778296,60,60,54,86,85,70,133,8,125,1
1403638615.9278295,63,60,60,125,120,120,0,0,0,0
1403638615.9778295,60,59,48,120,119,89,114,5,109,1
1403638616.0278296,70,68,68,109,108,108,0,0,0,0
1403638616.0778294,68,67,60,108,104,83,119,4,115,1
1403638616.1278296,68,67,67,115,111,111,0,0,0,0
1403638616.1778295,67,66,61,111,109,87,109,6,103,1
1403638616.2278297,68,66,66,103,99,99,0,0,0,0
1403638616.2778294,66,65,55,99,97,78,112,2,110,1
1403638616.3278296,58,56,56,110,108,108,0,0,0,0
1403638616.3778296,56,53,47,108,102,87,127,4,123,1
1403638616.4278295,68,64,64,123,116,116,0,0,0,0
1403638616.4778295,64,64,56,116,112,93,141,7,134,1
1403638616.5278296,71,69,69,134,132,132,0,0,0,0
1403638616.5778294,69,67,59,132,126,101,132,5,127,1
1403638616.6278296,60,59,59,127,120,120,0,0,0,0
1403638616.6778295,59,56,54,120,119,82,125,4,121,1
1403638616.7278297,61,54,54,121,109,109,0,0,0,0
1403638616.7778294,54,51,45,109,105,87,138,11,127,1
1403638616.8278296,56,52,52,127,118,118,0,0,0,0
1403638616.8778296,52,48,43,118,114,94,122,0,122,1
1403638616.9278295,57,56,56,122,119,119,0,0,0,0
1403638616.9778295,56,56,54,119,118,101,119,5,114,1
1403638617.0278296,59,59,59,114,113,113,0,0,0,0
1403638617.0778294,59,57,54,113,110,79,121,4,117,1
1403638617.1278296,70,69,69,117,114,114,0,0,0,0
1403638617.1778295,69,68,64,114,111,97,135,11,124,1
1403638617.2278297,69,68,68,124,118,118,0,0,0,0
1403638617.2778294,68,64,60,118,117,104,127,3,124,1
1403638617.3278296,105,101,101,124,121,121,0,0,0,0
1403638617.3778296,101,92,89,121,117,98,119,8,111,1
1403638617.4278295,100,94,94,111,108,108,0,0,0,0
1403638617.4778295,94,93,82,108,106,97,129,0,129,1
1403638617.5278296,98,97,97,129,126,126,0,0,0,0
1403638617.5778294,97,97,91,126,125,112,139,0,139,1
1403638617.6278296,103,101,101,139,136,136,0,0,0,0
1403638617.6778295,101,100,95,136,132,113,137,0,137,1
1403638617.7278297,99,98,98,137,132,132,0,0,0,0
1403638617.7778294,98,96,89,132,129,112,144,0,144,1
1403638617.8278296,94,93,93,144,141,141,0,0,0,0
1403638617.8778296,93,93,86,141,137,121,138,0,138,1
1403638617.9278295,95,90,90,138,136,136,0,0,0,0
1403638617.9778295,90,90,84,136,133,112,142,0,142,1
1403638618.0278296,92,89,89,142,139,139,0,0,0,0
1403638618.0778294,89,89,80,139,138,116,150,0,150,1
1403638618.1278296,87,87,87,150,147,147,0,0,0,0
1403638618.1778295,87,86,78,147,146,118,147,0,147,1
1403638618.2278297,87,84,84,147,144,144,0,0,0,0
1403638618.2778294,84,84,80,144,141,126,150,0,150,1
1403638618.3278296,89,87,87,150,146,146,0,0,0,0
1403638618.3778296,87,85,82,146,143,128,150,0,150,1
1403638618.4278295,92,90,90,150,146,146,0,0,0,0
1403638618.4778295,90,90,84,146,144,129,141,0,141,1
1403638618.5278296,87,85,85,141,139,139,0,0,0,0
1403638618.5778294,85,83,78,139,137,115,149,0,149,1
1403638618.6278296,82,82,82,149,145,145,0,0,0,0
1403638618.6778295,82,81,80,145,142,119,148,0,148,1
1403638618.7278297,103,101,101,148,144,144,0,0,0,0
1403638618.7778294,101,98,87,144,140,118,150,0,150,1
1403638618.8278296,88,88,88,150,144,144,0,0,0,0
1403638618.8778296,88,86,84,144,139,126,150,0,150,1
1403638618.9278295,87,86,86,150,143,143,0,0,0,0
1403638618.9778295,86,85,76,143,139,119,145,0,145,1
1403638619.0278296,85,81,81,145,141,141,0,0,0,0
1403638619.0778294,81,80,66,141,140,96,139,2,137,1
1403638619.1278296,94,92,92,137,131,131,0,0,0,0
1403638619.1778295,92,89,79,131,129,104,138,1,137,1
1403638619.2278297,86,84,84,137,132,132,0,0,0,0
1403638619.2778294,84,83,71,132,131,111,146,2,144,1
1403638619.3278296,85,81,81,144,140,140,0,0,0,0
1403638619.3778296,81,80,59,140,136,118,139,2,137,1
1403638619.4278295,81,80,80,137,135,135,0,0,0,0
1403638619.4778295,80,80,76,135,132,123,144,0,144,1
1403638619.5278296,87,86,86,144,142,142,0,0,0,0
1403638619.5778294,86,86,85,142,140,124,150,0,150,1
1403638619.6278296,112,112,112,150,147,147,0,0,0,0
1403638619.6778295,112,111,107,147,145,135,150,0,150,1
1403638619.7278297,113,113,113,150,149,149,0,0,0,0
1403638619.7778294,113,112,111,149,145,139,150,0,150,1
1403638619.8278296,129,127,127,150,146,146,0,0,0,0
1403638619.8778296,127,126,124,146,145,139,150,0,150,1
1403638619.9278295,136,135,135,150,150,150,0,0,0,0
1403638619.9778295,135,135,130,150,150,142,150,0,150,1
1403638620.0278296,137,136,136,150,149,149,0,0,0,0
1403638620.0778294,136,133,131,149,145,136,150,7,143,1
1403638620.1278296,137,133,133,143,138,138,0,0,0,0
1403638620.1778295,133,132,129,138,137,117,150,0,150,1
1403638620.2278297,136,134,134,150,146,146,0,0,0,0
1403638620.2778294,134,132,130,146,146,137,150,0,150,1
1403638620.3278296,137,133,133,150,146,146,0,0,0,0
1403638620.3778296,133,130,123,146,144,137,150,0,150,1
1403638620.4278295,146,142,142,150,148,148,0,0,0,0
1403638620.4778295,142,139,132,148,145,131,150,0,150,1
1403638620.5278296,142,139,139,150,150,150,0,0,0,0
1403638620.5778294,139,137,130,150,147,138,150,0,150,1
1403638620.6278296,138,137,137,150,148,148,0,0,0,0
1403638620.6778295,137,137,133,148,147,129,150,0,150,1
1403638620.7278297,139,137,137,150,150,150,0,0,0,0
1403638620.7778294,137,136,132,150,148,136,150,0,150,1
1403638620.8278296,139,137,137,150,148,148,0,0,0,0
1403638620.8778296,137,136,133,148,145,141,150,0,150,1
1403638620.9278295,137,136,136,150,149,149,0,0,0,0
1403638620.9778295,136,135,129,149,147,142,150,0,150,1
1403638621.0278296,138,134,134,150,148,148,0,0,0,0
1403638621.0778294,134,132,123,148,145,136,150,0,150,1
1403638621.1278296,136,134,134,150,147,147,0,0,0,0
1403638621.1778295,134,132,130,147,146,138,150,0,150,1
1403638621.2278297,137,135,135,150,148,148,0,0,0,0
1403638621.2778294,135,134,131,148,146,139,150,0,150,1
1403638621.3278296,134,134,134,150,150,150,0,0,0,0
1403638621.3778296,134,130,128,150,147,135,150,4,146,1
1403638621.4278295,135,132,132,146,143,143,0,0,0,0
1403638621.4778295,132,130,128,143,141,130,150,0,150,1
1403638621.5278296,132,125,125,150,149,149,0,0,0,0
1403638621.5778294,125,125,124,149,148,131,150,0,150,1
1403638621.6278296,130,125,125,150,145,145,0,0,0,0
1403638621.6778295,125,124,119,145,143,139,150,0,150,1
1403638621.7278297,126,124,124,150,148,148,0,0,0,0
1403638621.7778294,124,124,120,148,144,136,150,0,150,1
1403638621.8278296,130,128,128,150,146,146,0,0,0,0
1403638621.8778296,128,127,125,146,143,135,145,0,145,1
1403638621.9278295,130,127,127,145,142,142,0,0,0,0
1403638621.9778295,127,125,124,142,140,136,150,0,150,1
1403638622.0278296,130,127,127,150,147,147,0,0,0,0
1403638622.0778294,127,126,126,147,145,142,150,0,150,1
1403638622.1278296,140,138,138,150,150,150,0,0,0,0
1403638622.1778295,138,136,134,150,149,143,150,0,150,1
1403638622.2278297,145,144,144,150,149,149,0,0,0,0
1403638622.2778294,144,141,140,149,149,143,150,0,150,1
1403638622.3278296,150,147,147,150,150,150,0,0,0,0
1403638622.3778296,147,146,145,150,149,138,147,0,147,1
1403638622.4278295,145,144,144,147,146,146,0,0,0,0
1403638622.4778295,144,143,139,146,145,138,150,0,150,1
1403638622.5278296,142,142,142,150,150,150,0,0,0,0
1403638622.5778294,142,142,142,150,146,143,150,0,150,1
1403638622.6278296,145,143,143,150,147,147,0,0,0,0
1403638622.6778295,143,141,138,147,144,136,144,0,144,1
1403638622.7278297,147,142,142,144,138,138,0,0,0,0
1403638622.7778294,142,131,127,138,134,121,141,0,141,1
1403638622.8278296,140,133,133,141,136,136,0,0,0,0
1403638622.8778296,133,133,132,136,136,131,147,1,146,1
1403638622.9278295,139,139,139,146,146,146,0,0,0,0
1403638622.9778295,139,139,139,146,145,142,148,0,148,1
1403638623.0278296,144,143,143,148,147,147,0,0,0,0
1403638623.0778294,143,143,140,147,146,133,147,0,147,1
1403638623.1278296,150,150,150,147,145,145,0,0,0,0
1403638623.1778295,150,150,146,145,145,140,145,0,145,1
1403638623.2278297,146,146,146,145,145,145,0,0,0,0
1403638623.2778294,146,146,141,145,144,138,150,0,150,1
1403638623.3278296,147,146,146,150,149,149,0,0,0,0
1403638623.3778296,146,145,142,149,149,142,150,0,150,1
1403638623.4278295,148,146,146,150,150,150,0,0,0,0
1403638623.4778295,146,146,146,150,150,143,150,0,150,1
1403638623.5278296,150,150,150,150,150,150,0,0,0,0
1403638623.5778294,150,150,145,150,150,147,150,0,150,1
1403638623.6278296,149,149,149,150,150,150,0,0,0,0
1403638623.6778295,149,149,147,150,149,148,150,0,150,1
1403638623.7278297,147,147,147,150,150,150,0,0,0,0
1403638623.7778294,147,147,144,150,150,145,150,0,150,1
1403638623.8278296,150,150,150,150,150,150,0,0,0,0
1403638623.8778296,150,150,149,150,150,138,150,0,150,1
1403638623.9278295,150,150,150,150,150,150,0,0,0,0
1403638623.9778295,150,150,149,150,150,148,150,0,150,1
1403638624.0278296,149,149,149,150,150,150,0,0,0,0
1403638624.0778294,149,149,145,150,150,145,150,0,150,1
1403638624.1278296,143,143,143,150,150,150,0,0,0,0
1403638624.1778295,143,143,139,150,150,134,150,0,150,1
1403638624.2278297,148,148,148,150,150,150,0,0,0,0
1403638624.2778294,148,148,146,150,150,143,150,0,150,1
1403638624.3278296,148,148,148,150,150,150,0,0,0,0
1403638624.3778296,148,148,148,150,150,142,150,2,148,1
1403638624.4278295,150,150,150,148,148,148,0,0,0,0
1403638624.4778295,150,150,147,148,148,146,150,0,150,1
1403638624.5278296,150,150,150,150,150,150,0,0,0,0
1403638624.5778294,150,149,143,150,149,143,150,0,150,1
1403638624.6278296,147,147,147,150,150,150,0,0,0,0
1403638624.6778295,147,147,144,150,150,143,150,0,150,1
1403638624.7278297,150,148,148,150,150,150,0,0,0,0
1403638624.7778294,148,147,143,150,145,129,150,0,150,1
1403638624.8278296,150,149,149,150,148,148,0,0,0,0
1403638624.8778296,149,148,137,148,146,131,144,0,144,1
1403638624.9278295,143,142,142,144,144,144,0,0,0,0
1403638624.9778295,142,142,138,144,143,123,142,0,142,1
1403638625.0278296,146,146,146,142,142,142,0,0,0,0
1403638625.0778294,146,146,144,142,142,132,142,0,142,1
1403638625.1278296,142,142,142,142,142,142,0,0,0,0
1403638625.1778295,142,142,141,142,142,132,146,0,146,1
1403638625.2278297,143,143,143,146,146,146,0,0,0,0
1403638625.2778294,143,143,139,146,146,145,150,1,149,1
1403638625.3278296,141,141,141,149,149,149,0,0,0,0
1403638625.3778296,141,141,139,149,149,139,149,4,145,1
1403638625.4278295,146,146,146,145,145,145,0,0,0,0
1403638625.4778295,146,146,134,145,145,142,148,0,148,1
1403638625.5278296,135,135,135,148,148,148,0,0,0,0
1403638625.5778294,135,135,128,148,148,139,150,0,150,1
1403638625.6278296,131,131,131,150,150,150,0,0,0,0
1403638625.6778295,131,131,128,150,150,139,149,1,148,1
1403638625.7278297,134,132,132,148,147,147,0,0,0,0
1403638625.7778294,132,132,132,147,146,140,150,0,150,1
1403638625.8278296,138,138,138,150,148,148,0,0,0,0
1403638625.8778296,138,138,133,148,147,142,150,0,150,1
1403638625.9278295,135,134,134,150,150,150,0,0,0,0
1403638625.9778295,134,134,134,150,150,132,149,0,149,1
1403638626.0278296,136,135,135,149,148,148,0,0,0,0
1403638626.0778294,135,135,134,148,148,144,150,0,150,1
1403638626.1278296,139,139,139,150,150,150,0,0,0,0
1403638626.1778295,139,138,138,150,150,146,150,0,150,1
1403638626.2278297,141,141,141,150,150,150,0,0,0,0
1403638626.2778294,141,141,135,150,150,146,150,0,150,1
1403638626.3278296,137,137,137,150,150,150,0,0,0,0
1403638626.3778296,137,137,131,150,150,130,150,0,150,1
1403638626.4278295,132,132,132,150,150,150,0,0,0,0
1403638626.4778295,132,132,132,150,150,142,150,0,150,1
1403638626.5278296,135,135,135,150,150,150,0,0,0,0
1403638626.5778294,135,135,134,150,150,145,150,0,150,1
1403638626.6278296,143,143,143,150,148,148,0,0,0,0
1403638626.6778295,143,143,139,148,147,143,150,0,150,1
1403638626.7278297,140,135,135,150,146,146,0,0,0,0
1403638626.7778294,135,134,128,146,145,134,150,0,150,1
1403638626.8278296,138,138,138,150,150,150,0,0,0,0
1403638626.8778296,138,137,133,150,148,141,150,0,150,1
1403638626.9278295,138,137,137,150,150,150,0,0,0,0
1403638626.9778295,137,137,132,150,150,145,150,0,150,1
1403638627.0278296,146,146,146,150,150,150,0,0,0,0
1403638627.0778294,146,146,140,150,150,144,150,0,150,1
1403638627.1278296,146,146,146,150,150,150,0,0,0,0
1403638627.1778295,146,146,141,150,150,138,149,0,149,1
1403638627.2278297,141,141,141,149,149,149,0,0,0,0
1403638627.2778294,141,141,136,149,149,140,150,0,150,1
1403638627.3278296,143,143,143,150,150,150,0,0,0,0
1403638627.3778296,143,143,128,150,150,143,150,0,150,1
1403638627.4278295,137,137,137,150,150,150,0,0,0,0
1403638627.4778295,137,137,132,150,150,140,150,0,150,1
1403638627.5278296,140,140,140,150,150,150,0,0,0,0
1403638627.5778294,140,140,130,150,150,143,150,0,150,1
1403638627.6278296,141,141,141,150,149,149,0,0,0,0
1403638627.6778295,141,140,124,149,149,134,150,0,150,1
1403638627.7278297,144,143,143,150,150,150,0,0,0,0
1403638627.7778294,143,143,134,150,149,137,150,0,150,1
1403638627.8278296,141,141,141,150,150,150,0,0,0,0
1403638627.8778296,141,141,125,150,149,133,150,0,150,1
1403638627.9278295,134,127,127,150,150,150,0,0,0,0
1403638627.9778295,127,127,82,150,148,122,135,0,135,1
1403638628.0278296,104,104,104,135,135,135,0,0,0,0
1403638628.0778294,104,103,80,135,135,115,144,0,144,1
1403638628.1278296,95,94,94,144,144,144,0,0,0,0
1403638628.1778295,94,94,84,144,141,117,137,0,137,1
1403638628.2278297,97,96,96,137,136,136,0,0,0,0
1403638628.2778294,96,96,72,136,136,116,136,0,136,1
1403638628.3278296,89,89,89,136,135,135,0,0,0,0
1403638628.3778296,89,89,78,135,135,119,139,0,139,1
1403638628.4278295,87,87,87,139,139,139,0,0,0,0
1403638628.4778295,87,87,78,139,137,120,146,0,146,1
1403638628.5278296,91,91,91,146,146,146,0,0,0,0
1403638628.5778294,91,91,80,146,146,136,150,0,150,1
1403638628.6278296,94,93,93,150,149,149,0,0,0,0
1403638628.6778295,93,93,88,149,148,120,141,5,136,1
1403638628.7278297,95,95,95,136,136,136,0,0,0,0
1403638628.7778294,95,95,85,136,135,115,130,0,130,1
1403638628.8278296,100,100,100,130,130,130,0,0,0,0
1403638628.8778296,100,100,87,130,130,111,133,0,133,1
1403638628.9278295,93,92,92,133,133,133,0,0,0,0
1403638628.9778295,92,92,75,133,133,104,118,0,118,1
1403638629.0278296,79,78,78,118,118,118,0,0,0,0
1403638629.0778294,78,78,71,118,118,108,129,8,121,1
1403638629.1278296,85,85,85,121,120,120,0,0,0,0
1403638629.1778295,85,85,66,120,120,104,123,0,123,1
1403638629.2278297,84,84,84,123,123,123,0,0,0,0
1403638629.2778294,84,84,73,123,121,107,127,0,127,1
1403638629.3278296,81,81,81,127,125,125,0,0,0,0
1403638629.3778296,81,76,66,125,120,101,117,3,114,1
1403638629.4278295,78,78,78,114,114,114,0,0,0,0
1403638629.4778295,78,78,67,114,112,94,131,0,131,1
1403638629.5278296,76,74,74,131,128,128,0,0,0,0
1403638629.5778294,74,74,69,128,127,114,128,0,128,1
1403638629.6278296,86,86,86,128,127,127,0,0,0,0
1403638629.6778295,86,84,67,127,126,99,121,0,121,1
1403638629.7278297,85,83,83,121,118,118,0,0,0,0
1403638629.7778294,83,81,63,118,114,87,108,0,108,1
1403638629.8278296,76,76,76,108,107,107,0,0,0,0
1403638629.8778296,76,76,68,107,107,89,116,0,116,1
1403638629.9278295,81,81,81,116,116,116,0,0,0,0
1403638629.9778295,81,80,69,116,116,86,127,0,127,1
1403638630.0278296,79,79,79,127,127,127,0,0,0,0
1403638630.0778294,79,79,61,127,126,96,115,0,115,1
1403638630.1278296,73,73,73,115,115,115,0,0,0,0
1403638630.1778295,73,71,44,115,112,77,101,0,101,1
1403638630.2278297,50,49,49,101,99,99,0,0,0,0
1403638630.2778294,49,48,33,99,96,59,73,0,73,1
1403638630.3278296,37,33,33,73,62,62,0,0,0,0
1403638630.3778296,33,22,14,62,52,28,66,0,66,1
1403638630.4278295,16,16,16,66,61,61,0,0,0,0
1403638630.4778295,16,15,13,61,60,37,64,0,64,1
1403638630.5278296,30,30,30,64,64,64,0,0,0,0
1403638630.5778294,30,29,26,64,64,57,83,0,83,1
1403638630.6278296,40,39,39,83,82,82,0,0,0,0
1403638630.6778295,39,20,15,82,57,22,46,0,46,1
1403638630.7278297,16,16,16,46,42,42,0,0,0,0
1403638630.7778294,16,16,14,42,42,30,55,0,55,1
1403638630.8278296,35,35,35,55,55,55,0,0,0,0
1403638630.8778296,35,35,34,55,55,52,121,6,115,1
1403638630.9278295,123,122,122,115,114,114,0,0,0,0
1403638630.9778295,122,122,122,114,114,114,121,0,121,1
1403638631.0278296,124,124,124,121,121,121,0,0,0,0
1403638631.0778294,124,124,124,121,121,121,126,4,122,1
1403638631.1278296,124,124,124,122,122,122,0,0,0,0
1403638631.1778295,124,124,124,122,122,122,124,1,123,1
1403638631.2278297,126,126,126,123,123,123,0,0,0,0
1403638631.2778294,126,126,126,123,123,123,124,0,124,1
1403638631.3278296,150,150,150,124,124,124,0,0,0,0
1403638631.3778296,150,150,150,124,124,124,125,0,125,1
1403638631.4278295,150,150,150,125,125,125,0,0,0,0
1403638631.4778295,150,150,150,125,125,125,125,0,125,1
1403638631.5278296,150,150,150,125,125,125,0,0,0,0
1403638631.5778294,150,150,150,125,125,125,127,0,127,1
1403638631.6278296,150,150,150,127,127,127,0,0,0,0
1403638631.6778295,150,150,150,127,127,127,133,0,133,1
