1403638523177829632,0.02053,-0.00173,0.35754,-0.06803,0.80456,0.01184,0.58984,-0.06918,-0.05865,-0.01123,
1403638523277829376,0.02280,-0.01088,0.35416,-0.05888,0.80363,0.01102,0.59210,-0.03809,-0.07493,-0.25550,
1403638523377829632,0.02723,-0.01542,0.34028,-0.05413,0.80365,0.00997,0.59255,-0.02038,-0.05539,-0.41370,
1403638523477829376,0.02671,-0.02160,0.30963,-0.04932,0.80780,0.01247,0.58726,-0.04398,-0.07226,-0.48006,
1403638523577829376,0.02290,-0.02908,0.26226,-0.04246,0.81717,0.01665,0.57459,-0.05556,-0.07429,-0.50355,
1403638523677829632,0.01664,-0.03630,0.21311,-0.03534,0.82645,0.01913,0.56157,-0.06409,-0.07234,-0.48724,
1403638523777829376,0.01137,-0.04168,0.16455,-0.03123,0.83093,0.02154,0.55508,-0.06754,-0.05512,-0.45490,
1403638523877829632,0.00461,-0.04643,0.12228,-0.02758,0.83149,0.02441,0.55432,-0.07935,-0.05713,-0.38577,
1403638523977829376,-0.00186,-0.05004,0.08943,-0.01792,0.83150,0.03021,0.55441,-0.06407,-0.02177,-0.24668,
1403638524077829376,-0.00667,-0.05031,0.07514,-0.01047,0.83456,0.03819,0.54950,-0.02827,0.00716,-0.00080,
1403638524177829632,-0.00812,-0.04894,0.08837,-0.01071,0.83902,0.04269,0.54231,0.00236,0.02022,0.28342,
1403638524277829376,-0.00470,-0.04836,0.12824,-0.01649,0.84007,0.04324,0.54050,0.04147,0.01070,0.49330,
1403638524377829632,0.00084,-0.04674,0.18462,-0.02540,0.83735,0.04124,0.54451,0.07012,0.01782,0.58542,
1403638524477829376,-0.00234,-0.05476,0.24276,-0.03277,0.83052,0.03973,0.55460,0.06991,0.01122,0.61515,
1403638524577829376,0.00639,-0.05333,0.30244,-0.03548,0.82174,0.03820,0.56747,0.08526,0.02512,0.58395,
1403638524677829632,0.01590,-0.05006,0.35630,-0.03110,0.81527,0.03266,0.57732,0.08422,0.04214,0.48110,
1403638524777829376,0.02335,-0.04596,0.39644,-0.01788,0.81149,0.02731,0.58345,0.06181,0.03931,0.33388,
1403638524877829632,0.02936,-0.04101,0.42214,-0.01359,0.81003,0.02437,0.58572,0.05327,0.05100,0.19218,
1403638524977829376,0.03207,-0.03785,0.43261,-0.02018,0.80844,0.02688,0.58762,0.01047,0.02326,-0.00339,
1403638525077829376,0.03277,-0.03660,0.42071,-0.01782,0.80572,0.03038,0.59124,0.01756,0.01332,-0.23497,
1403638525177829632,0.03429,-0.03547,0.38800,-0.01534,0.80424,0.03493,0.59307,0.01226,0.00749,-0.41108,
1403638525277829376,0.03432,-0.03577,0.34428,-0.01515,0.80692,0.03977,0.58913,-0.00815,0.00333,-0.51034,
1403638525377829632,0.03252,-0.03599,0.29150,-0.01750,0.81567,0.04428,0.57655,-0.03068,0.01301,-0.54311,
1403638525477829376,0.02897,-0.03523,0.24030,-0.02566,0.82774,0.04555,0.55868,-0.03885,0.01923,-0.50211,
1403638525577829376,0.02398,-0.03789,0.19408,-0.03129,0.83661,0.04436,0.54510,-0.03570,-0.00362,-0.43434,
1403638525677829632,0.02323,-0.04202,0.15630,-0.03149,0.83943,0.04070,0.54102,-0.01165,-0.01313,-0.34238,
1403638525777829376,0.02247,-0.04425,0.12671,-0.02807,0.83761,0.03454,0.54445,-0.00560,-0.00896,-0.25351,
1403638525877829632,0.02008,-0.04355,0.10217,-0.02088,0.83360,0.03026,0.55115,-0.01682,-0.03482,-0.16064,
1403638525977829376,0.01685,-0.05131,0.08859,-0.01283,0.83197,0.02945,0.55389,-0.04103,-0.13547,-0.05770,
1403638526077829376,0.01307,-0.07027,0.08575,-0.00895,0.83340,0.02769,0.55191,-0.03719,-0.25039,0.02796,
1403638526177829632,0.00850,-0.09965,0.09321,-0.00751,0.83564,0.01879,0.54890,-0.04925,-0.33313,0.11223,
1403638526277829376,0.00244,-0.13596,0.10664,-0.00405,0.83465,0.00961,0.55068,-0.06740,-0.38766,0.14689,
1403638526377829632,-0.00662,-0.17701,0.12162,-0.00142,0.83049,0.00081,0.55703,-0.09992,-0.43798,0.14369,
1403638526477829376,-0.01797,-0.22267,0.13489,0.00002,0.82526,-0.01019,0.56467,-0.11786,-0.48465,0.11008,
1403638526577829376,-0.03113,-0.27477,0.14468,0.00159,0.81977,-0.02127,0.57229,-0.13412,-0.55971,0.08178,
1403638526677829632,-0.04688,-0.33433,0.15271,0.00672,0.81461,-0.03003,0.57920,-0.16463,-0.62344,0.06752,
1403638526777829376,-0.06578,-0.39970,0.15928,0.01545,0.81148,-0.03559,0.58308,-0.18779,-0.67107,0.05203,
1403638526877829632,-0.08596,-0.46662,0.16408,0.02354,0.81078,-0.03889,0.58359,-0.20266,-0.64675,0.04146,
1403638526977829376,-0.10662,-0.52929,0.16806,0.02802,0.81383,-0.04543,0.57865,-0.19345,-0.61091,0.03927,
1403638527077829376,-0.12591,-0.58708,0.17311,0.03609,0.81825,-0.05893,0.57069,-0.17344,-0.55995,0.05821,
1403638527177829632,-0.14284,-0.64031,0.18042,0.04408,0.81981,-0.07435,0.56608,-0.14154,-0.47810,0.08019,
1403638527277829376,-0.15261,-0.68384,0.18900,0.05482,0.81681,-0.08770,0.56755,-0.08834,-0.34964,0.08803,
1403638527377829632,-0.15155,-0.71293,0.19651,0.06774,0.81215,-0.09462,0.57173,-0.02977,-0.16526,0.07393,
1403638527477829376,-0.14368,-0.71768,0.20004,0.07538,0.80948,-0.09708,0.57413,0.02862,0.04077,0.04837,
1403638527577829376,-0.12694,-0.69639,0.19947,0.07533,0.81030,-0.09608,0.57316,0.08667,0.25172,0.02365,
1403638527677829632,-0.10558,-0.65396,0.19412,0.07134,0.81244,-0.09099,0.57147,0.13699,0.42454,0.00107,
1403638527777829376,-0.08595,-0.60732,0.19318,0.06529,0.81461,-0.08344,0.57025,0.17496,0.52126,0.01478,
1403638527877829632,-0.06631,-0.55221,0.19550,0.05091,0.81806,-0.07843,0.56748,0.17045,0.58118,0.05204,
1403638527977829376,-0.04500,-0.49155,0.19831,0.04063,0.81903,-0.07352,0.56757,0.17000,0.59892,0.06267,
1403638528077829376,-0.02537,-0.42749,0.19774,0.03413,0.81783,-0.06629,0.57060,0.16457,0.60859,0.01821,
1403638528177829632,-0.00479,-0.36721,0.19492,0.02454,0.81823,-0.05755,0.57148,0.19927,0.56110,-0.01786,
1403638528277829376,0.02201,-0.31379,0.18927,0.01216,0.81953,-0.04705,0.57097,0.29189,0.47011,-0.03974,
1403638528377829632,0.05202,-0.27375,0.18065,0.00588,0.81882,-0.03940,0.57267,0.33134,0.34051,-0.05185,
1403638528477829376,0.08577,-0.24827,0.17592,0.00665,0.81774,-0.03534,0.57446,0.36541,0.24105,-0.03539,
1403638528577829376,0.12116,-0.23080,0.17311,0.00707,0.81941,-0.03891,0.57184,0.37150,0.16679,-0.02258,
1403638528677829632,0.15832,-0.21752,0.17192,0.00611,0.82055,-0.04672,0.56964,0.34663,0.10630,0.01357,
1403638528777829376,0.18877,-0.20943,0.17501,0.01142,0.81961,-0.05206,0.57043,0.23627,0.05908,0.05553,
1403638528877829632,0.20486,-0.20404,0.18227,0.00792,0.81850,-0.05979,0.57133,0.07928,0.04579,0.10372,
1403638528977829376,0.20471,-0.19604,0.19549,0.00094,0.81804,-0.06642,0.57131,-0.09424,0.06216,0.17467,
1403638529077829376,0.18760,-0.18783,0.21244,0.00246,0.81885,-0.06800,0.56996,-0.22815,0.11167,0.15653,
1403638529177829632,0.15934,-0.17416,0.22315,0.01965,0.81984,-0.06134,0.56896,-0.30682,0.17045,0.06461,
1403638529277829376,0.12499,-0.15687,0.22372,0.03144,0.82180,-0.05546,0.56619,-0.34950,0.19211,-0.03211,
1403638529377829632,0.08555,-0.13831,0.21151,0.03455,0.82683,-0.05049,0.55911,-0.33990,0.17333,-0.13950,
1403638529477829376,0.05621,-0.12092,0.19311,0.03345,0.83697,-0.04832,0.54408,-0.26390,0.14706,-0.21271,
1403638529577829376,0.02945,-0.10968,0.16676,0.03111,0.84712,-0.04548,0.52853,-0.19177,0.10478,-0.23770,
1403638529677829632,0.01125,-0.09563,0.13976,0.03248,0.85123,-0.04262,0.52204,-0.11757,0.10236,-0.22626,
1403638529777829376,-0.00112,-0.08499,0.11422,0.03213,0.84772,-0.04213,0.52779,-0.05503,0.09038,-0.20790,
1403638529877829632,-0.00650,-0.07648,0.09184,0.03099,0.84134,-0.04321,0.53788,-0.00964,0.06501,-0.17284,
1403638529977829376,-0.00688,-0.07083,0.07351,0.03075,0.83873,-0.04339,0.54195,0.06638,0.01919,-0.12424,
1403638530077829376,-0.00014,-0.06909,0.06107,0.03142,0.84018,-0.04398,0.53960,0.11486,-0.00051,-0.10485,
1403638530177829632,0.01252,-0.06992,0.05112,0.03241,0.84184,-0.04843,0.53657,0.14725,-0.01819,-0.09825,
1403638530277829376,0.02731,-0.07205,0.04094,0.03456,0.84142,-0.05430,0.53653,0.14779,-0.03345,-0.10227,
1403638530377829632,0.04049,-0.07534,0.03006,0.03874,0.84026,-0.06033,0.53742,0.13447,-0.04314,-0.09183,
1403638530477829376,0.05266,-0.07950,0.02224,0.04031,0.83950,-0.06489,0.53796,0.10531,-0.03917,-0.06753,
1403638530577829376,0.06021,-0.08399,0.01689,0.03945,0.83959,-0.06806,0.53749,0.06445,-0.04663,-0.05597,
1403638530677829632,0.06424,-0.08740,0.01199,0.04023,0.84280,-0.07005,0.53212,0.04190,-0.02641,-0.05852,
1403638530777829376,0.06756,-0.08978,0.00609,0.04016,0.84621,-0.07172,0.52647,0.03307,-0.02188,-0.05949,
1403638530877829632,0.06964,-0.09121,0.00156,0.03840,0.84686,-0.07135,0.52560,0.02200,-0.01346,-0.03711,
1403638530977829376,0.07085,-0.09120,-0.00160,0.03574,0.84513,-0.07060,0.52867,0.01123,-0.00164,-0.02888,
1403638531077829376,0.07092,-0.09087,-0.00362,0.03665,0.84181,-0.06925,0.53406,-0.01498,0.01311,0.00021,
1403638531177829632,0.07101,-0.08933,-0.00315,0.03800,0.83965,-0.06757,0.53757,0.00714,0.00806,-0.00344,
1403638531277829376,0.07139,-0.08826,-0.00464,0.04109,0.83840,-0.06631,0.53944,-0.00829,0.01572,0.00613,
1403638531377829632,0.07130,-0.08734,-0.00498,0.04101,0.83723,-0.06644,0.54125,0.00805,-0.00541,0.00921,
1403638531477829376,0.07092,-0.08773,-0.00462,0.04131,0.83633,-0.06675,0.54257,-0.00719,0.00069,0.00037,
1403638531577829376,0.07072,-0.08780,-0.00473,0.04195,0.83666,-0.06565,0.54215,-0.00084,-0.00091,-0.00090,
1403638531677829632,0.07074,-0.08759,-0.00489,0.04131,0.83669,-0.06628,0.54208,0.00243,-0.00597,0.00151,
1403638531777829376,0.07083,-0.08768,-0.00487,0.04184,0.83655,-0.06630,0.54226,-0.00010,-0.00135,-0.00156,
1403638531877829632,0.07079,-0.08775,-0.00488,0.04213,0.83654,-0.06628,0.54225,0.00021,0.00139,-0.00244,
1403638531977829376,0.07083,-0.08785,-0.00490,0.04252,0.83646,-0.06637,0.54232,0.00065,0.00408,-0.00299,
1403638532077829376,0.07083,-0.08790,-0.00495,0.04273,0.83644,-0.06634,0.54235,0.00412,0.00080,0.00036,
1403638532177829632,0.07085,-0.08791,-0.00497,0.04274,0.83639,-0.06649,0.54241,-0.00017,-0.00067,-0.00133,
1403638532277829376,0.07087,-0.08790,-0.00498,0.04265,0.83633,-0.06672,0.54247,0.00323,-0.00179,0.00127,
1403638532377829632,0.07087,-0.08789,-0.00500,0.04261,0.83629,-0.06678,0.54253,0.00193,-0.00204,0.00049,
1403638532477829376,0.07089,-0.08791,-0.00500,0.04259,0.83624,-0.06691,0.54260,0.00111,-0.00099,-0.00039,
1403638532577829376,0.07087,-0.08791,-0.00502,0.04260,0.83625,-0.06694,0.54257,0.00265,-0.00046,-0.00036,
1403638532677829632,0.07090,-0.08794,-0.00501,0.04269,0.83621,-0.06695,0.54263,0.00045,0.00093,-0.00129,
1403638532777829376,0.07087,-0.08795,-0.00502,0.04276,0.83624,-0.06686,0.54259,0.00305,0.00105,0.00020,
1403638532877829632,0.07086,-0.08790,-0.00505,0.04254,0.83630,-0.06675,0.54253,0.00060,0.00011,-0.00084,
1403638532977829376,0.07087,-0.08794,-0.00501,0.04269,0.83623,-0.06683,0.54261,0.00181,-0.00057,0.00010,
1403638533077829376,0.07086,-0.08795,-0.00501,0.04276,0.83622,-0.06687,0.54262,0.00180,0.00064,0.00044,
1403638533177829632,0.07088,-0.08796,-0.00501,0.04277,0.83617,-0.06693,0.54269,0.00101,0.00020,-0.00069,
1403638533277829376,0.07087,-0.08796,-0.00501,0.04277,0.83615,-0.06695,0.54272,0.00253,-0.00003,0.00071,
1403638533377829632,0.07088,-0.08797,-0.00501,0.04281,0.83614,-0.06693,0.54273,0.00077,0.00093,-0.00015,
1403638533477829376,0.07088,-0.08798,-0.00500,0.04278,0.83612,-0.06695,0.54276,0.00161,-0.00124,0.00017,
1403638533577829376,0.07086,-0.08796,-0.00501,0.04274,0.83613,-0.06695,0.54275,0.00136,-0.00287,0.00024,
1403638533677829632,0.07087,-0.08795,-0.00499,0.04271,0.83612,-0.06698,0.54277,-0.00056,-0.00074,0.00003,
1403638533777829376,0.07086,-0.08794,-0.00499,0.04270,0.83611,-0.06697,0.54277,0.00261,-0.00024,0.00062,
1403638533877829632,0.07088,-0.08792,-0.00500,0.04247,0.83616,-0.06673,0.54275,-0.00095,-0.00650,-0.00123,
1403638533977829376,0.07086,-0.08793,-0.00501,0.04255,0.83616,-0.06694,0.54272,-0.00189,-0.00732,-0.00118,
1403638534077829376,0.07080,-0.08794,-0.00503,0.04280,0.83613,-0.06722,0.54272,0.00003,-0.00015,0.00002,
1403638534177829632,0.07081,-0.08793,-0.00498,0.04243,0.83617,-0.06701,0.54271,-0.00046,0.00170,0.00148,
1403638534277829376,0.07083,-0.08785,-0.00498,0.04217,0.83623,-0.06687,0.54264,-0.00089,-0.00273,0.00103,
1403638534377829632,0.07083,-0.08785,-0.00499,0.04214,0.83626,-0.06690,0.54261,-0.00368,-0.00329,0.00227,
1403638534477829376,0.07086,-0.08789,-0.00501,0.04227,0.83627,-0.06718,0.54255,-0.00323,-0.00754,0.00092,
1403638534577829376,0.07080,-0.08782,-0.00498,0.04205,0.83636,-0.06682,0.54247,0.00093,-0.00395,0.00102,
1403638534677829632,0.07082,-0.08776,-0.00498,0.04180,0.83638,-0.06658,0.54249,-0.00091,-0.00255,-0.00116,
1403638534777829376,0.07080,-0.08778,-0.00498,0.04189,0.83638,-0.06650,0.54249,0.00112,-0.00500,0.00093,
1403638534877829632,0.07079,-0.08782,-0.00498,0.04214,0.83636,-0.06664,0.54249,-0.00276,-0.00970,-0.00048,
1403638534977829376,0.07076,-0.08787,-0.00497,0.04221,0.83639,-0.06667,0.54242,-0.00139,-0.00297,-0.00028,
1403638535077829376,0.07076,-0.08785,-0.00498,0.04207,0.83644,-0.06665,0.54236,-0.00058,-0.00286,0.00073,
1403638535177829632,0.07077,-0.08784,-0.00499,0.04196,0.83642,-0.06667,0.54240,-0.00111,-0.00106,0.00027,
1403638535277829376,0.07077,-0.08783,-0.00499,0.04189,0.83642,-0.06666,0.54240,-0.00025,-0.00297,-0.00070,
1403638535377829632,0.07076,-0.08780,-0.00496,0.04190,0.83643,-0.06661,0.54240,0.00022,-0.00095,-0.00088,
1403638535477829376,0.07076,-0.08781,-0.00495,0.04196,0.83643,-0.06660,0.54239,0.00140,-0.00002,0.00026,
1403638535577829376,0.07077,-0.08779,-0.00495,0.04190,0.83644,-0.06653,0.54239,0.00083,0.00077,0.00020,
1403638535677829632,0.07076,-0.08778,-0.00496,0.04183,0.83643,-0.06655,0.54241,-0.00017,-0.00052,-0.00003,
1403638535777829376,0.07076,-0.08779,-0.00496,0.04187,0.83642,-0.06655,0.54241,0.00062,0.00072,0.00055,
1403638535877829632,0.07077,-0.08779,-0.00496,0.04179,0.83644,-0.06649,0.54240,-0.00045,-0.00067,-0.00086,
1403638535977829376,0.07074,-0.08777,-0.00496,0.04175,0.83649,-0.06647,0.54234,0.00291,-0.00129,0.00146,
1403638536077829376,0.07075,-0.08777,-0.00496,0.04170,0.83645,-0.06649,0.54240,0.00048,-0.00161,-0.00017,
1403638536177829632,0.07076,-0.08777,-0.00495,0.04168,0.83644,-0.06648,0.54241,-0.00119,-0.00074,0.00049,
1403638536277829376,0.07075,-0.08777,-0.00494,0.04171,0.83645,-0.06644,0.54240,0.00313,-0.00089,0.00101,
1403638536377829632,0.07075,-0.08778,-0.00493,0.04173,0.83641,-0.06646,0.54246,0.00013,-0.00099,-0.00095,
1403638536477829376,0.07075,-0.08777,-0.00493,0.04176,0.83640,-0.06646,0.54247,0.00057,-0.00152,0.00025,
1403638536577829376,0.07075,-0.08777,-0.00493,0.04170,0.83640,-0.06646,0.54247,-0.00048,-0.00197,-0.00119,
1403638536677829632,0.07075,-0.08777,-0.00493,0.04171,0.83641,-0.06642,0.54247,0.00086,-0.00191,-0.00023,
1403638536777829376,0.07074,-0.08778,-0.00493,0.04181,0.83638,-0.06651,0.54250,0.00050,-0.00246,-0.00057,
1403638536877829632,0.07074,-0.08777,-0.00494,0.04169,0.83636,-0.06655,0.54253,-0.00045,-0.00100,0.00136,
1403638536977829376,0.07075,-0.08779,-0.00492,0.04170,0.83637,-0.06662,0.54250,-0.00020,-0.00264,0.00015,
1403638537077829376,0.07077,-0.08776,-0.00492,0.04172,0.83637,-0.06656,0.54250,0.00004,-0.00539,-0.00122,
1403638537177829632,0.07076,-0.08774,-0.00492,0.04174,0.83638,-0.06650,0.54250,-0.00022,-0.00321,0.00048,
1403638537277829376,0.07075,-0.08774,-0.00490,0.04179,0.83642,-0.06643,0.54244,0.00024,-0.00404,0.00146,
1403638537377829632,0.07075,-0.08775,-0.00491,0.04174,0.83642,-0.06641,0.54244,0.00100,-0.00243,0.00078,
1403638537477829376,0.07075,-0.08775,-0.00491,0.04172,0.83642,-0.06641,0.54245,0.00086,-0.00267,-0.00045,
1403638537577829376,0.07074,-0.08775,-0.00487,0.04181,0.83643,-0.06635,0.54243,-0.00201,0.00187,-0.00267,
1403638537677829632,0.07076,-0.08776,-0.00485,0.04186,0.83644,-0.06639,0.54242,0.00083,-0.00131,0.00057,
1403638537777829376,0.07075,-0.08774,-0.00487,0.04174,0.83642,-0.06639,0.54245,-0.00008,0.00049,0.00128,
1403638537877829632,0.07076,-0.08773,-0.00484,0.04178,0.83646,-0.06630,0.54240,0.00388,-0.00151,0.00235,
1403638537977829376,0.07075,-0.08773,-0.00483,0.04179,0.83641,-0.06642,0.54245,-0.00304,0.00024,-0.00106,
1403638538077829376,0.07076,-0.08774,-0.00480,0.04181,0.83638,-0.06648,0.54250,-0.00251,-0.00194,-0.00055,
1403638538177829632,0.07076,-0.08775,-0.00480,0.04181,0.83638,-0.06646,0.54249,0.00886,-0.00442,-0.00052,
1403638538277829376,0.07085,-0.08773,-0.00481,0.04184,0.83642,-0.06641,0.54244,-0.00114,-0.00148,0.00122,
1403638538377829632,0.07079,-0.08775,-0.00478,0.04191,0.83638,-0.06636,0.54250,-0.00427,0.00122,-0.00190,
1403638538477829376,0.07076,-0.08778,-0.00470,0.04198,0.83633,-0.06642,0.54256,-0.00303,-0.00281,0.00317,
1403638538577829376,0.07079,-0.08778,-0.00466,0.04214,0.83630,-0.06645,0.54260,0.00166,-0.00319,-0.00291,
1403638538677829632,0.07081,-0.08776,-0.00463,0.04186,0.83617,-0.06652,0.54281,0.00303,-0.00561,-0.00418,
1403638538777829376,0.07090,-0.08780,-0.00432,0.04159,0.83547,-0.06632,0.54394,0.00608,-0.00050,-0.01610,
1403638538877829632,0.07238,-0.08740,-0.00389,0.04076,0.83458,-0.06576,0.54543,0.02063,-0.00571,0.02095,
1403638538977829376,0.07592,-0.08727,-0.00137,0.04148,0.82984,-0.06485,0.55267,0.03620,0.00061,0.03432,
1403638539077829376,0.08039,-0.08732,0.00235,0.04216,0.82449,-0.06595,0.56044,0.04959,-0.00114,0.04636,
1403638539177829632,0.08810,-0.08728,0.01050,0.04062,0.81958,-0.06587,0.56771,0.08188,0.00017,0.12066,
1403638539277829376,0.09710,-0.08748,0.02620,0.04039,0.81594,-0.06500,0.57304,0.08521,-0.00043,0.19787,
1403638539377829632,0.10573,-0.08762,0.04959,0.04054,0.81676,-0.06475,0.57189,0.08547,-0.00204,0.27358,
1403638539477829376,0.11490,-0.08806,0.07956,0.04159,0.81844,-0.06443,0.56945,0.08621,-0.00375,0.32241,
1403638539577829376,0.12321,-0.08892,0.11366,0.04167,0.81922,-0.06336,0.56844,0.09357,-0.00879,0.33198,
1403638539677829632,0.13256,-0.08992,0.14212,0.04019,0.81979,-0.06309,0.56776,0.09772,-0.00832,0.23107,
1403638539777829376,0.14271,-0.09078,0.15887,0.04069,0.82105,-0.06138,0.56609,0.10667,-0.00801,0.11466,
1403638539877829632,0.15452,-0.09148,0.16852,0.03977,0.82363,-0.06083,0.56246,0.12969,-0.00198,0.07995,
1403638539977829376,0.16918,-0.09216,0.17687,0.03795,0.82821,-0.06062,0.55584,0.16188,-0.01369,0.08345,
1403638540077829376,0.18940,-0.09311,0.18359,0.03694,0.83435,-0.06007,0.54670,0.21470,-0.01361,0.07133,
1403638540177829632,0.21452,-0.09439,0.19100,0.03665,0.83832,-0.05987,0.54064,0.28780,-0.01721,0.07884,
1403638540277829376,0.24836,-0.09580,0.20126,0.03772,0.83410,-0.05863,0.54719,0.36673,-0.02409,0.11422,
1403638540377829632,0.28653,-0.09785,0.21132,0.03868,0.82805,-0.05663,0.55645,0.41026,-0.02072,0.08687,
1403638540477829376,0.32864,-0.09934,0.21972,0.03555,0.82584,-0.05071,0.56050,0.43911,-0.00410,0.07815,
1403638540577829376,0.37577,-0.09963,0.22540,0.02848,0.82622,-0.03934,0.56125,0.46866,0.01380,0.07453,
1403638540677829632,0.42343,-0.09827,0.23219,0.02015,0.82656,-0.02233,0.56205,0.49215,0.02578,0.06941,
1403638540777829376,0.47641,-0.09572,0.23688,0.01181,0.82604,0.00198,0.56348,0.51593,0.05724,0.06251,
1403638540877829632,0.53210,-0.09030,0.24095,0.00181,0.82554,0.02977,0.56355,0.52999,0.10140,0.04241,
1403638540977829376,0.58578,-0.07896,0.24366,-0.01224,0.82424,0.05619,0.56331,0.54071,0.14664,0.02639,
1403638541077829376,0.64159,-0.06355,0.24452,-0.02616,0.82225,0.07568,0.56346,0.54308,0.18140,-0.00807,
1403638541177829632,0.69670,-0.04342,0.24099,-0.03602,0.82064,0.08902,0.56331,0.54736,0.22001,-0.05951,
1403638541277829376,0.75148,-0.01846,0.23322,-0.04119,0.81989,0.09784,0.56260,0.55410,0.25230,-0.03166,
1403638541377829632,0.80608,0.01169,0.23404,-0.04408,0.81972,0.10133,0.56200,0.55448,0.30219,0.02158,
1403638541477829376,0.86062,0.04543,0.23885,-0.04526,0.81936,0.10159,0.56239,0.55230,0.35252,0.08174,
1403638541577829376,0.91606,0.08413,0.25127,-0.04458,0.81785,0.10231,0.56451,0.57585,0.41773,0.15155,
1403638541677829632,0.97443,0.13080,0.27124,-0.04880,0.81611,0.10545,0.56609,0.58076,0.48454,0.22498,
1403638541777829376,1.03063,0.18112,0.29707,-0.05911,0.81473,0.11134,0.56597,0.56331,0.53062,0.28348,
1403638541877829632,1.08349,0.23614,0.33022,-0.07182,0.81324,0.12065,0.56474,0.53277,0.56279,0.30967,
1403638541977829376,1.13320,0.29405,0.36053,-0.08462,0.81204,0.13556,0.56130,0.52023,0.58613,0.24084,
1403638542077829376,1.17841,0.35298,0.38403,-0.09996,0.80974,0.15340,0.55749,0.49774,0.59631,0.18278,
1403638542177829632,1.21919,0.41174,0.40195,-0.11700,0.80564,0.17429,0.55397,0.47914,0.60648,0.12781,
1403638542277829376,1.25975,0.47174,0.41327,-0.13287,0.80141,0.19826,0.54844,0.46354,0.61365,0.07154,
1403638542377829632,1.30167,0.53241,0.42224,-0.14700,0.79349,0.22025,0.54796,0.46072,0.61834,0.05716,
1403638542477829376,1.34545,0.59471,0.42875,-0.15299,0.77991,0.24038,0.55727,0.43989,0.62326,0.03244,
1403638542577829376,1.38801,0.65810,0.43237,-0.14848,0.76802,0.25863,0.56675,0.38764,0.65116,0.02341,
1403638542677829632,1.42497,0.72563,0.43855,-0.14843,0.76468,0.26761,0.56711,0.31322,0.68971,0.08340,
1403638542777829376,1.45435,0.79772,0.45207,-0.15682,0.76882,0.26618,0.55989,0.23280,0.73093,0.15371,
1403638542877829632,1.47994,0.87463,0.47401,-0.16298,0.77427,0.26255,0.55228,0.17673,0.75177,0.20914,
1403638542977829376,1.50122,0.95184,0.50202,-0.16681,0.77893,0.25907,0.54619,0.13291,0.75087,0.27880,
1403638543077829376,1.51790,1.03104,0.53277,-0.16934,0.78246,0.25562,0.54197,0.14348,0.78335,0.26368,
1403638543177829632,1.53320,1.11148,0.55704,-0.16942,0.78355,0.25295,0.54163,0.13896,0.79852,0.19777,
1403638543277829376,1.54988,1.19211,0.57828,-0.16955,0.78396,0.25037,0.54219,0.14341,0.80708,0.14170,
1403638543377829632,1.56448,1.27292,0.59092,-0.16909,0.78500,0.24941,0.54127,0.14201,0.81223,0.10298,
1403638543477829376,1.58052,1.35580,0.59986,-0.17136,0.78398,0.25380,0.54000,0.14926,0.82121,0.05779,
1403638543577829376,1.59829,1.43753,0.60767,-0.17665,0.78116,0.26500,0.53699,0.14149,0.83588,0.02109,
1403638543677829632,1.61405,1.52146,0.61307,-0.18381,0.77561,0.28285,0.53352,0.13245,0.86171,0.01383,
1403638543777829376,1.62717,1.60512,0.61960,-0.19426,0.76767,0.30436,0.52944,0.13196,0.87884,0.07267,
1403638543877829632,1.63885,1.69100,0.63279,-0.20596,0.75778,0.32692,0.52582,0.12724,0.91812,0.15557,
1403638543977829376,1.65194,1.78505,0.65489,-0.21970,0.74949,0.34494,0.52059,0.12598,0.94362,0.23204,
1403638544077829376,1.66504,1.87980,0.67971,-0.23432,0.74558,0.35609,0.51226,0.11935,0.94053,0.24502,
1403638544177829632,1.67769,1.97802,0.70463,-0.24457,0.74243,0.36240,0.50760,0.13411,0.95836,0.20121,
1403638544277829376,1.69228,2.08078,0.72275,-0.25111,0.73982,0.36552,0.50598,0.14734,0.96570,0.13036,
1403638544377829632,1.70689,2.17812,0.73393,-0.25270,0.73907,0.36808,0.50441,0.16085,0.96424,0.07496,
1403638544477829376,1.72290,2.27576,0.74155,-0.25188,0.73954,0.36922,0.50331,0.17787,0.97589,0.05240,
1403638544577829376,1.74072,2.37278,0.74756,-0.25375,0.73685,0.36838,0.50691,0.17471,0.97815,0.07583,
1403638544677829632,1.75737,2.47108,0.76047,-0.25886,0.73028,0.36793,0.51410,0.17591,0.98817,0.14517,
1403638544777829376,1.77604,2.56408,0.77582,-0.26008,0.72954,0.36896,0.51381,0.16716,0.95797,0.15165,
1403638544877829632,1.79296,2.65412,0.79061,-0.25830,0.73277,0.37148,0.50827,0.17181,0.94425,0.10644,
1403638544977829376,1.81035,2.74441,0.79851,-0.25855,0.73357,0.37223,0.50644,0.16733,0.94015,0.04828,
1403638545077829376,1.82918,2.83172,0.80085,-0.26015,0.73234,0.37233,0.50732,0.17308,0.92549,-0.00616,
1403638545177829632,1.84731,2.91556,0.79923,-0.26017,0.73200,0.37384,0.50668,0.17815,0.89951,-0.07394,
1403638545277829376,1.86585,3.00483,0.79038,-0.25944,0.73145,0.37543,0.50669,0.17613,0.90556,-0.11374,
1403638545377829632,1.88487,3.09381,0.77777,-0.26121,0.72881,0.37457,0.51020,0.16545,0.89134,-0.17545,
1403638545477829376,1.90501,3.17995,0.76461,-0.26350,0.72879,0.37573,0.50819,0.15316,0.88435,-0.17385,
1403638545577829376,1.92209,3.26983,0.75152,-0.26762,0.72664,0.38225,0.50424,0.14505,0.89215,-0.11415,
1403638545677829632,1.94099,3.35267,0.74871,-0.27658,0.72129,0.39386,0.49811,0.14923,0.89133,-0.03817,
1403638545777829376,1.95896,3.43811,0.75233,-0.28555,0.71370,0.41053,0.49047,0.15670,0.88681,0.03643,
1403638545877829632,1.97590,3.52321,0.76286,-0.29664,0.70320,0.43010,0.48221,0.15143,0.88032,0.11493,
1403638545977829376,1.99230,3.61293,0.77976,-0.30644,0.69089,0.45207,0.47370,0.15601,0.87991,0.18147,
1403638546077829376,2.00856,3.70283,0.79924,-0.31278,0.67913,0.47094,0.46814,0.15218,0.88221,0.17550,
1403638546177829632,2.02444,3.79595,0.81304,-0.32029,0.67063,0.48317,0.46284,0.14428,0.90688,0.10321,
1403638546277829376,2.03876,3.88995,0.81977,-0.32521,0.66599,0.49070,0.45816,0.13138,0.92270,0.03800,
1403638546377829632,2.05308,3.98478,0.82123,-0.33157,0.66447,0.49283,0.45350,0.13373,0.94264,-0.01918,
1403638546477829376,2.06695,4.07947,0.81700,-0.33444,0.66405,0.49413,0.45059,0.13717,0.95700,-0.05768,
1403638546577829376,2.08000,4.17427,0.81230,-0.33558,0.66199,0.49737,0.44919,0.12613,0.97798,-0.01106,
1403638546677829632,2.09218,4.27245,0.81351,-0.33914,0.65725,0.50326,0.44691,0.12047,0.99288,0.05966,
1403638546777829376,2.10459,4.37172,0.82484,-0.34183,0.65279,0.50897,0.44493,0.12175,1.02786,0.18058,
1403638546877829632,2.11607,4.47457,0.84409,-0.34267,0.64922,0.51405,0.44366,0.11798,1.04803,0.21611,
1403638546977829376,2.12673,4.58060,0.86185,-0.34151,0.64600,0.51863,0.44393,0.09667,1.05456,0.15618,
1403638547077829376,2.13611,4.68776,0.87394,-0.33941,0.64364,0.52202,0.44500,0.08244,1.07916,0.09374,
1403638547177829632,2.14157,4.79440,0.87813,-0.33679,0.64152,0.52544,0.44602,0.04983,1.09207,0.03715,
1403638547277829376,2.14433,4.90403,0.87978,-0.33481,0.64024,0.52706,0.44744,0.01436,1.11264,0.00465,
1403638547377829632,2.13967,5.01063,0.87527,-0.33835,0.64152,0.52494,0.44543,-0.03220,1.12133,-0.04041,
1403638547477829376,2.13472,5.12306,0.86975,-0.34292,0.64471,0.52121,0.44170,-0.06022,1.14295,-0.06699,
1403638547577829376,2.12742,5.23503,0.85995,-0.34604,0.64810,0.51790,0.43819,-0.06652,1.15705,-0.11727,
1403638547677829632,2.11596,5.34115,0.84244,-0.34712,0.64902,0.51648,0.43764,-0.07213,1.16263,-0.16136,
1403638547777829376,2.10721,5.45683,0.82344,-0.34496,0.64851,0.51711,0.43937,-0.08570,1.18151,-0.20837,
1403638547877829632,2.09570,5.57132,0.80028,-0.34132,0.64573,0.51932,0.44367,-0.10935,1.19883,-0.23078,
1403638547977829376,2.07973,5.67946,0.77534,-0.34206,0.64529,0.51982,0.44316,-0.13891,1.20717,-0.16397,
1403638548077829376,2.06390,5.80277,0.76178,-0.34468,0.64494,0.52201,0.43904,-0.16223,1.24383,-0.09560,
1403638548177829632,2.04500,5.92753,0.75598,-0.34921,0.64114,0.52738,0.43458,-0.18621,1.27132,-0.02394,
1403638548277829376,2.02049,6.04372,0.75481,-0.35626,0.63458,0.53576,0.42820,-0.21090,1.25349,0.04499,
1403638548377829632,1.99671,6.16806,0.76259,-0.36409,0.62503,0.54712,0.42123,-0.23319,1.27255,0.13736,
1403638548477829376,1.97226,6.29619,0.77643,-0.37232,0.61537,0.55758,0.41448,-0.23619,1.27700,0.15972,
1403638548577829376,1.94753,6.42446,0.78851,-0.37883,0.60742,0.56534,0.40977,-0.23806,1.28797,0.11048,
1403638548677829632,1.92330,6.55009,0.79678,-0.38372,0.60186,0.57072,0.40596,-0.23943,1.29154,0.06106,
1403638548777829376,1.90025,6.67524,0.80333,-0.38651,0.59793,0.57468,0.40353,-0.24007,1.28987,0.07185,
1403638548877829632,1.87636,6.80357,0.81664,-0.38783,0.59578,0.57736,0.40161,-0.24170,1.31733,0.15871,
1403638548977829376,1.85177,6.93381,0.83762,-0.38926,0.59478,0.57822,0.40047,-0.24903,1.31147,0.21756,
1403638549077829376,1.82649,7.06332,0.86241,-0.38982,0.59451,0.57855,0.39986,-0.24871,1.28515,0.27382,
1403638549177829632,1.80187,7.19060,0.89488,-0.39106,0.59445,0.57755,0.40018,-0.24790,1.30033,0.33829,
1403638549277829376,1.77659,7.32070,0.93159,-0.39185,0.59527,0.57652,0.39967,-0.25353,1.33339,0.38797,
1403638549377829632,1.75175,7.45383,0.97430,-0.39405,0.59678,0.57412,0.39870,-0.25043,1.32659,0.41088,
1403638549477829376,1.72686,7.58633,1.01256,-0.39599,0.59817,0.57189,0.39791,-0.24885,1.33648,0.34496,
1403638549577829376,1.70247,7.72425,1.04665,-0.39725,0.59836,0.57003,0.39903,-0.23599,1.34139,0.30190,
1403638549677829632,1.68108,7.85806,1.07484,-0.39862,0.59779,0.56851,0.40069,-0.20948,1.33011,0.26759,
1403638549777829376,1.66055,7.99917,1.10330,-0.39689,0.59811,0.56901,0.40121,-0.20548,1.34266,0.28911,
1403638549877829632,1.64098,8.13368,1.13813,-0.39596,0.59959,0.56917,0.39969,-0.18664,1.37642,0.38777,
1403638549977829376,1.62373,8.27951,1.18180,-0.39554,0.60064,0.56917,0.39852,-0.17528,1.42182,0.46633,
1403638550077829376,1.60638,8.41934,1.23256,-0.39589,0.60097,0.56895,0.39799,-0.15898,1.44139,0.54205,
1403638550177829632,1.59258,8.56646,1.29135,-0.39661,0.60156,0.56886,0.39651,-0.13940,1.43898,0.61672,
1403638550277829376,1.57866,8.71124,1.35652,-0.39608,0.60116,0.56977,0.39635,-0.11836,1.44037,0.70368,
1403638550377829632,1.56850,8.85726,1.42580,-0.39608,0.60029,0.57034,0.39685,-0.10559,1.43855,0.66293,
1403638550477829376,1.55751,9.00466,1.48706,-0.39873,0.60093,0.56885,0.39536,-0.08754,1.43602,0.57904,
1403638550577829376,1.55243,9.14691,1.54202,-0.40262,0.60161,0.56667,0.39350,-0.05596,1.44139,0.52938,
1403638550677829632,1.54717,9.29312,1.59201,-0.40734,0.60007,0.56335,0.39577,-0.02411,1.43348,0.48794,
1403638550777829376,1.54913,9.43439,1.63717,-0.41034,0.59928,0.56143,0.39659,0.02139,1.41387,0.45207,
1403638550877829632,1.55394,9.57177,1.67971,-0.41616,0.59545,0.55751,0.40179,0.05592,1.38266,0.42447,
1403638550977829376,1.55997,9.70860,1.71858,-0.42165,0.59126,0.55333,0.40798,0.08164,1.33454,0.36286,
1403638551077829376,1.56661,9.84112,1.75283,-0.42513,0.58877,0.55069,0.41153,0.11626,1.26477,0.34383,
1403638551177829632,1.57620,9.96528,1.78871,-0.42933,0.58921,0.54806,0.41004,0.14825,1.17456,0.39010,
1403638551277829376,1.58949,10.08441,1.82934,-0.42985,0.59095,0.54705,0.40835,0.20376,1.09834,0.44127,
1403638551377829632,1.61178,10.19525,1.87447,-0.42514,0.59861,0.54416,0.40597,0.26967,1.02012,0.42510,
1403638551477829376,1.63757,10.30502,1.91351,-0.41770,0.61109,0.53491,0.40740,0.33067,0.97411,0.36665,
1403638551577829376,1.67382,10.40487,1.94887,-0.41151,0.62619,0.51874,0.41165,0.40819,0.93902,0.31118,
1403638551677829632,1.71514,10.50788,1.97716,-0.40473,0.64320,0.50022,0.41504,0.48677,0.91788,0.27734,
1403638551777829376,1.76558,10.60290,1.99832,-0.39572,0.65715,0.48182,0.42357,0.56643,0.87345,0.19802,
1403638551877829632,1.82390,10.69142,2.01557,-0.38573,0.66759,0.46637,0.43363,0.64391,0.82678,0.19803,
1403638551977829376,1.88964,10.77419,2.03669,-0.37393,0.67094,0.45876,0.44671,0.71277,0.78227,0.27116,
1403638552077829376,1.96129,10.84949,2.06557,-0.36443,0.67246,0.45376,0.45727,0.74535,0.71006,0.32734,
1403638552177829632,2.03550,10.92005,2.10033,-0.35851,0.67726,0.45067,0.45792,0.77644,0.65691,0.37136,
1403638552277829376,2.11352,10.98655,2.14019,-0.35433,0.68111,0.44974,0.45636,0.81896,0.62139,0.39632,
1403638552377829632,2.19447,11.04517,2.17904,-0.35644,0.68194,0.44691,0.45627,0.85671,0.58124,0.36793,
1403638552477829376,2.28136,11.09850,2.21264,-0.36371,0.67835,0.44130,0.46132,0.89317,0.52949,0.30956,
1403638552577829376,2.36902,11.14128,2.24100,-0.36931,0.67455,0.43773,0.46582,0.92071,0.45152,0.25751,
1403638552677829632,2.45986,11.17329,2.26223,-0.36993,0.67216,0.43885,0.46772,0.94998,0.34292,0.18346,
1403638552777829376,2.55390,11.19740,2.27782,-0.36937,0.67142,0.44098,0.46722,0.98265,0.25278,0.13749,
1403638552877829632,2.65364,11.21766,2.28818,-0.36721,0.67008,0.44495,0.46707,1.01507,0.17639,0.08581,
1403638552977829376,2.75383,11.22671,2.29394,-0.36279,0.66770,0.45102,0.46813,1.03808,0.09024,0.04175,
1403638553077829376,2.85736,11.23426,2.29508,-0.35902,0.66548,0.45655,0.46884,1.03720,0.04954,-0.00236,
1403638553177829632,2.95934,11.23197,2.29444,-0.36436,0.66164,0.45527,0.47138,1.04038,-0.01225,-0.01823,
1403638553277829376,3.06278,11.22748,2.29414,-0.37148,0.65601,0.45201,0.47680,1.04075,-0.09079,0.01500,
1403638553377829632,3.16442,11.20926,2.29882,-0.37302,0.65081,0.45298,0.48178,1.02870,-0.20658,0.06228,
1403638553477829376,3.26543,11.18111,2.30990,-0.36941,0.64539,0.45673,0.48827,1.00891,-0.30413,0.12216,
1403638553577829376,3.36260,11.14092,2.32720,-0.36627,0.64116,0.45975,0.49334,0.95680,-0.46058,0.17420,
1403638553677829632,3.45714,11.09019,2.34857,-0.36407,0.64020,0.46203,0.49409,0.89676,-0.57974,0.22806,
1403638553777829376,3.54767,11.02899,2.37774,-0.36228,0.64053,0.46401,0.49312,0.85195,-0.67855,0.28446,
1403638553877829632,3.63266,10.95904,2.41061,-0.36019,0.64218,0.46542,0.49117,0.80220,-0.76856,0.33602,
1403638553977829376,3.71472,10.88344,2.44619,-0.35955,0.64518,0.46577,0.48737,0.75945,-0.82038,0.29420,
1403638554077829376,3.79042,10.79907,2.47436,-0.35815,0.64835,0.46656,0.48343,0.72993,-0.88135,0.25544,
1403638554177829632,3.86531,10.71291,2.49895,-0.35328,0.65129,0.47005,0.47966,0.70986,-0.92269,0.17023,
1403638554277829376,3.93675,10.62068,2.51418,-0.34553,0.65711,0.47578,0.47165,0.68653,-0.94229,0.12860,
1403638554377829632,4.00805,10.53125,2.52784,-0.33964,0.66046,0.48027,0.46667,0.66561,-0.95053,0.08344,
1403638554477829376,4.07675,10.44338,2.54035,-0.33690,0.66197,0.48258,0.46412,0.65206,-0.91781,0.06751,
1403638554577829376,4.14308,10.35823,2.55015,-0.33796,0.66290,0.48238,0.46223,0.62797,-0.89242,0.03309,
1403638554677829632,4.20587,10.26907,2.55683,-0.34391,0.66505,0.47853,0.45875,0.61832,-0.88764,0.10060,
1403638554777829376,4.26662,10.18565,2.57370,-0.34866,0.66581,0.47532,0.45739,0.61118,-0.88046,0.13768,
1403638554877829632,4.32986,10.09947,2.59048,-0.35184,0.66580,0.47326,0.45710,0.63632,-0.86301,0.17569,
1403638554977829376,4.39497,10.02209,2.61499,-0.35409,0.66654,0.47029,0.45735,0.64879,-0.86317,0.14807,
1403638555077829376,4.46174,9.93480,2.62668,-0.35064,0.66953,0.46602,0.46000,0.67251,-0.88154,0.07607,
1403638555177829632,4.53284,9.85332,2.63877,-0.34395,0.67550,0.45971,0.46267,0.69267,-0.87982,0.01835,
1403638555277829376,4.60602,9.76820,2.64423,-0.33790,0.68156,0.45188,0.46594,0.69341,-0.88730,-0.02770,
1403638555377829632,4.68295,9.68167,2.64520,-0.33097,0.68465,0.44746,0.47062,0.71710,-0.87954,-0.03911,
1403638555477829376,4.76085,9.59515,2.64255,-0.32536,0.68667,0.44468,0.47423,0.72760,-0.87831,-0.08117,
1403638555577829376,4.83962,9.50938,2.63790,-0.32322,0.68794,0.44233,0.47603,0.72922,-0.87987,-0.07508,
1403638555677829632,4.91668,9.42410,2.63751,-0.32277,0.68963,0.44093,0.47519,0.72995,-0.89719,0.02254,
1403638555777829376,4.99065,9.33662,2.64681,-0.32190,0.69082,0.44125,0.47377,0.73212,-0.90395,0.13576,
1403638555877829632,5.06180,9.24971,2.66597,-0.32113,0.69095,0.44233,0.47308,0.73652,-0.89550,0.17199,
1403638555977829376,5.13470,9.16393,2.68684,-0.31984,0.68967,0.44404,0.47422,0.74903,-0.85346,0.24137,
1403638556077829376,5.20684,9.08480,2.71243,-0.31815,0.68989,0.44537,0.47378,0.75317,-0.83584,0.22999,
1403638556177829632,5.28095,9.00245,2.73284,-0.31737,0.69407,0.44588,0.46769,0.75641,-0.82740,0.15881,
1403638556277829376,5.35000,8.92949,2.74683,-0.31563,0.69734,0.44679,0.46313,0.75583,-0.79132,0.10843,
1403638556377829632,5.42501,8.85370,2.75742,-0.31450,0.69933,0.44754,0.46014,0.76655,-0.74899,0.08513,
1403638556477829376,5.49687,8.79145,2.76626,-0.31188,0.70252,0.44865,0.45598,0.78301,-0.69157,0.07393,
1403638556577829376,5.57708,8.72525,2.77485,-0.31162,0.70534,0.44818,0.45225,0.81347,-0.63970,0.08143,
1403638556677829632,5.65566,8.67405,2.78572,-0.31895,0.70796,0.44193,0.44917,0.85205,-0.58785,0.14352,
1403638556777829376,5.74182,8.61659,2.80453,-0.32556,0.70471,0.43718,0.45417,0.88247,-0.59630,0.21279,
1403638556877829632,5.82934,8.57105,2.83040,-0.33119,0.70329,0.43289,0.45640,0.93807,-0.56489,0.28657,
1403638556977829376,5.92444,8.52614,2.86055,-0.33454,0.70193,0.43039,0.45841,0.98707,-0.54853,0.26667,
1403638557077829376,6.02525,8.48035,2.88520,-0.33309,0.70056,0.43195,0.46010,1.03168,-0.53974,0.20577,
1403638557177829632,6.13115,8.43296,2.90293,-0.33148,0.69913,0.43360,0.46188,1.06962,-0.53430,0.13407,
1403638557277829376,6.23746,8.38525,2.91526,-0.33037,0.69819,0.43477,0.46299,1.09926,-0.52463,0.07956,
1403638557377829632,6.34740,8.33744,2.92302,-0.32784,0.69718,0.43690,0.46430,1.12866,-0.51815,0.07863,
1403638557477829376,6.46155,8.28966,2.93310,-0.32244,0.69430,0.44136,0.46816,1.14631,-0.51211,0.12896,
1403638557577829376,6.57694,8.24216,2.94872,-0.31815,0.69187,0.44472,0.47151,1.14279,-0.50417,0.17766,
1403638557677829632,6.69198,8.19659,2.96825,-0.31591,0.69058,0.44680,0.47294,1.13779,-0.47808,0.23266,
1403638557777829376,6.80605,8.15134,2.98979,-0.31613,0.69012,0.44662,0.47363,1.12286,-0.45313,0.20373,
1403638557877829632,6.91861,8.10628,3.00556,-0.31349,0.68986,0.44823,0.47425,1.10285,-0.43767,0.13201,
1403638557977829376,7.02966,8.06197,3.01446,-0.31098,0.69086,0.45000,0.47276,1.08909,-0.42021,0.05765,
1403638558077829376,7.13871,8.01910,3.01711,-0.31016,0.69444,0.45081,0.46725,1.07569,-0.41002,-0.00687,
1403638558177829632,7.24688,7.97828,3.01684,-0.30741,0.70009,0.45232,0.45910,1.07290,-0.36893,0.00759,
1403638558277829376,7.35648,7.94363,3.02209,-0.30398,0.70414,0.45403,0.45348,1.09283,-0.30839,0.08574,
1403638558377829632,7.46739,7.91644,3.03718,-0.29933,0.70546,0.45683,0.45171,1.09607,-0.25348,0.19639,
1403638558477829376,7.57766,7.89648,3.06071,-0.29292,0.70914,0.46055,0.44632,1.10415,-0.15060,0.27373,
1403638558577829376,7.68937,7.88606,3.09185,-0.29409,0.71171,0.45935,0.44270,1.12489,-0.05025,0.35431,
1403638558677829632,7.80334,7.88551,3.12962,-0.30233,0.71249,0.45286,0.44258,1.14219,0.04435,0.38771,
1403638558777829376,7.92060,7.89243,3.16700,-0.31015,0.71218,0.44675,0.44388,1.18522,0.08846,0.33351,
1403638558877829632,8.04114,7.90351,3.19687,-0.31285,0.71093,0.44455,0.44619,1.22277,0.13292,0.26579,
1403638558977829376,8.16463,7.91871,3.21949,-0.31478,0.70612,0.44333,0.45361,1.25736,0.16469,0.20039,
1403638559077829376,8.29009,7.93691,3.23444,-0.31546,0.70174,0.44306,0.46016,1.27001,0.19123,0.12537,
1403638559177829632,8.41687,7.95795,3.24260,-0.31588,0.69835,0.44340,0.46468,1.27923,0.21206,0.06171,
1403638559277829376,8.54453,7.97951,3.24445,-0.31391,0.69553,0.44578,0.46796,1.27551,0.22084,0.00338,
1403638559377829632,8.67240,8.00119,3.23939,-0.31055,0.69314,0.44910,0.47055,1.25609,0.22447,-0.06463,
1403638559477829376,8.79755,8.02428,3.22926,-0.30875,0.69069,0.45133,0.47320,1.22565,0.23704,-0.12299,
1403638559577829376,8.91856,8.04963,3.21433,-0.30793,0.68847,0.45283,0.47553,1.19604,0.25966,-0.17064,
1403638559677829632,9.03536,8.07693,3.19604,-0.30865,0.68746,0.45292,0.47645,1.15696,0.26234,-0.18016,
1403638559777829376,9.14777,8.10582,3.18164,-0.30899,0.68662,0.45357,0.47682,1.11417,0.28470,-0.11609,
1403638559877829632,9.25881,8.13714,3.17362,-0.31027,0.68735,0.45293,0.47555,1.09087,0.31766,-0.06093,
1403638559977829376,9.36604,8.17096,3.16445,-0.30914,0.69087,0.44707,0.47673,1.07602,0.31378,-0.11702,
1403638560077829376,9.47307,8.20200,3.15078,-0.30376,0.69877,0.43414,0.48059,1.06066,0.31353,-0.17667,
1403638560177829632,9.57851,8.23558,3.12892,-0.29409,0.70852,0.41606,0.48826,1.05971,0.31090,-0.24319,
1403638560277829376,9.68412,8.26838,3.10309,-0.28186,0.71931,0.39498,0.49712,1.04535,0.30405,-0.27489,
1403638560377829632,9.78829,8.29977,3.07569,-0.27060,0.72722,0.37076,0.51035,1.02465,0.29460,-0.28912,
1403638560477829376,9.88901,8.32871,3.04498,-0.25789,0.73534,0.34571,0.52273,0.99176,0.27375,-0.33174,
1403638560577829376,9.98583,8.35395,3.01001,-0.24650,0.74462,0.31897,0.53201,0.95599,0.23773,-0.38448,
1403638560677829632,10.07814,8.37485,2.97085,-0.23678,0.75518,0.29108,0.53751,0.92144,0.19447,-0.38913,
1403638560777829376,10.16789,8.38993,2.93488,-0.22971,0.76402,0.26558,0.54127,0.88109,0.10225,-0.33066,
1403638560877829632,10.25617,8.39589,2.90681,-0.21911,0.77046,0.24300,0.54712,0.86618,0.03069,-0.24156,
1403638560977829376,10.34529,8.39536,2.88598,-0.20709,0.77468,0.22229,0.55460,0.85137,-0.04707,-0.15944,
1403638561077829376,10.43253,8.38633,2.87351,-0.19508,0.77716,0.20260,0.56295,0.82610,-0.13431,-0.09929,
1403638561177829632,10.51357,8.36876,2.86682,-0.18416,0.77854,0.18492,0.57076,0.77971,-0.21765,-0.03354,
1403638561277829376,10.59025,8.34384,2.86711,-0.17726,0.77886,0.17136,0.57671,0.71923,-0.29789,0.01915,
1403638561377829632,10.66112,8.31152,2.87078,-0.16820,0.78347,0.16657,0.57457,0.67758,-0.36778,0.00629,
1403638561477829376,10.72862,8.27340,2.87017,-0.15484,0.78929,0.17033,0.56924,0.64007,-0.41838,-0.04948,
1403638561577829376,10.79263,8.23079,2.86397,-0.14521,0.79280,0.17490,0.56550,0.61523,-0.44297,-0.11598,
1403638561677829632,10.85152,8.18667,2.85254,-0.14123,0.79445,0.17770,0.56331,0.57985,-0.44722,-0.15903,
1403638561777829376,10.90399,8.14048,2.83717,-0.14014,0.79460,0.17987,0.56269,0.55245,-0.46068,-0.20577,
1403638561877829632,10.95791,8.09223,2.81492,-0.13772,0.79394,0.18058,0.56398,0.53004,-0.47805,-0.25725,
1403638561977829376,11.00400,8.04315,2.79054,-0.13220,0.79498,0.17587,0.56533,0.49925,-0.48497,-0.27799,
1403638562077829376,11.05264,7.99400,2.76549,-0.12485,0.79673,0.16718,0.56717,0.46334,-0.50169,-0.20317,
1403638562177829632,11.09316,7.94331,2.75056,-0.11707,0.79866,0.15730,0.56894,0.41280,-0.49695,-0.15992,
1403638562277829376,11.13353,7.89551,2.73892,-0.11035,0.79977,0.14897,0.57097,0.40992,-0.47858,-0.08535,
1403638562377829632,11.17070,7.84629,2.73311,-0.10428,0.80068,0.13700,0.57383,0.35981,-0.49529,-0.05243,
1403638562477829376,11.20494,7.79522,2.73095,-0.09641,0.80295,0.12106,0.57561,0.35533,-0.49415,0.01715,
1403638562577829376,11.23844,7.74443,2.73600,-0.08684,0.80525,0.10101,0.57778,0.34421,-0.50769,0.07002,
1403638562677829632,11.26838,7.69249,2.74593,-0.07808,0.80806,0.07680,0.57882,0.32572,-0.53362,0.09709,
1403638562777829376,11.29627,7.63810,2.75768,-0.06927,0.80967,0.05064,0.58059,0.29719,-0.56316,0.09070,
1403638562877829632,11.31885,7.58076,2.76457,-0.05564,0.81084,0.02594,0.58205,0.26348,-0.60002,0.03639,
1403638562977829376,11.33606,7.52105,2.76527,-0.04095,0.81148,0.00300,0.58293,0.22598,-0.63195,-0.02381,
1403638563077829376,11.34748,7.45893,2.76050,-0.03167,0.81121,-0.02148,0.58350,0.18235,-0.66280,-0.08242,
1403638563177829632,11.35242,7.39220,2.75086,-0.01956,0.81085,-0.04150,0.58345,0.13625,-0.71558,-0.11417,
1403638563277829376,11.35210,7.32073,2.73733,-0.00781,0.80757,-0.05562,0.58709,0.08461,-0.75251,-0.16247,
1403638563377829632,11.34637,7.24576,2.71963,-0.00104,0.79970,-0.06535,0.59683,0.01624,-0.79739,-0.18865,
1403638563477829376,11.33558,7.16556,2.69677,0.00022,0.79356,-0.07227,0.60419,-0.06901,-0.83038,-0.24684,
1403638563577829376,11.31886,7.07864,2.67371,0.00561,0.79411,-0.07178,0.60349,-0.17508,-0.87337,-0.21038,
1403638563677829632,11.29313,6.98852,2.65676,0.00574,0.79756,-0.07184,0.59892,-0.26509,-0.91107,-0.13193,
1403638563777829376,11.26310,6.89177,2.64715,0.00257,0.79985,-0.07211,0.59584,-0.32773,-0.96680,-0.05802,
1403638563877829632,11.22854,6.78992,2.64676,-0.00070,0.79957,-0.07111,0.59635,-0.38121,-1.00979,0.01922,
1403638563977829376,11.18772,6.68535,2.65176,-0.00424,0.79848,-0.06935,0.59800,-0.44136,-1.06482,0.04395,
1403638564077829376,11.14378,6.57165,2.65475,-0.00895,0.79925,-0.06698,0.59719,-0.50113,-1.12140,-0.00647,
1403638564177829632,11.09181,6.45511,2.65191,-0.01084,0.79922,-0.06229,0.59771,-0.55730,-1.17712,-0.04386,
1403638564277829376,11.03404,6.33325,2.64757,-0.01011,0.79764,-0.05674,0.60037,-0.62270,-1.22460,-0.04124,
1403638564377829632,10.97349,6.20610,2.64824,-0.01026,0.79635,-0.05165,0.60254,-0.67106,-1.28038,0.03285,
1403638564477829376,10.90293,6.07670,2.65469,-0.00963,0.79506,-0.04723,0.60461,-0.74105,-1.31317,0.09185,
1403638564577829376,10.82585,5.94372,2.66670,-0.01246,0.79681,-0.04662,0.60230,-0.82437,-1.34397,0.10566,
1403638564677829632,10.73933,5.80890,2.67545,-0.01759,0.79834,-0.04943,0.59992,-0.89707,-1.39516,0.05503,
1403638564777829376,10.64742,5.66938,2.67987,-0.02143,0.79886,-0.05243,0.59884,-0.95409,-1.43833,-0.00622,
1403638564877829632,10.54994,5.52413,2.67408,-0.02355,0.79827,-0.05487,0.59933,-0.99742,-1.48365,-0.13866,
1403638564977829376,10.44847,5.37465,2.65347,-0.02537,0.79770,-0.05662,0.59985,-1.05835,-1.53376,-0.33468,
1403638565077829376,10.34120,5.22033,2.61620,-0.02649,0.79808,-0.05742,0.59922,-1.08257,-1.57638,-0.48264,
1403638565177829632,10.23144,5.05947,2.56413,-0.02692,0.79886,-0.05764,0.59814,-1.10918,-1.63233,-0.59550,
1403638565277829376,10.11875,4.89296,2.50663,-0.02525,0.79989,-0.05684,0.59692,-1.15052,-1.69835,-0.62787,
1403638565377829632,10.00156,4.72103,2.44610,-0.02244,0.80096,-0.05566,0.59571,-1.17924,-1.73078,-0.62784,
1403638565477829376,9.88082,4.54508,2.38554,-0.01933,0.80039,-0.05475,0.59666,-1.21757,-1.79071,-0.61901,
1403638565577829376,9.75704,4.36306,2.33183,-0.01275,0.79840,-0.05253,0.59969,-1.24823,-1.82995,-0.50968,
1403638565677829632,9.62893,4.17427,2.28708,-0.00111,0.79826,-0.04640,0.60052,-1.29201,-1.84840,-0.43698,
1403638565777829376,9.49847,3.98702,2.24867,0.00785,0.80106,-0.04184,0.59707,-1.34590,-1.83063,-0.34909,
1403638565877829632,9.36136,3.80234,2.21776,0.01502,0.80333,-0.03844,0.59410,-1.39980,-1.81369,-0.27085,
1403638565977829376,9.22122,3.62034,2.19079,0.01724,0.80528,-0.03896,0.59137,-1.42022,-1.77175,-0.30046,
1403638566077829376,9.07957,3.44184,2.15822,0.01857,0.80643,-0.03930,0.58973,-1.43260,-1.72924,-0.36582,
1403638566177829632,8.93746,3.26732,2.11769,0.01636,0.80681,-0.04080,0.58918,-1.46057,-1.70624,-0.46331,
1403638566277829376,8.79463,3.09540,2.06966,0.01684,0.80662,-0.04002,0.58948,-1.44455,-1.67727,-0.52780,
1403638566377829632,8.65292,2.92697,2.01393,0.01686,0.80786,-0.03920,0.58783,-1.44934,-1.64244,-0.60133,
1403638566477829376,8.51280,2.76232,1.95352,0.01328,0.80838,-0.04015,0.58713,-1.43534,-1.62784,-0.64762,
1403638566577829376,8.37282,2.60268,1.88758,0.01232,0.81176,-0.03866,0.58258,-1.43005,-1.59411,-0.72056,
1403638566677829632,8.23312,2.44882,1.81412,0.01137,0.82120,-0.03713,0.56932,-1.40181,-1.57062,-0.77473,
1403638566777829376,8.09846,2.30165,1.73526,0.01043,0.83301,-0.03564,0.55200,-1.33050,-1.53527,-0.81074,
1403638566877829632,7.96965,2.15784,1.65276,0.00868,0.84104,-0.03470,0.53978,-1.25447,-1.51427,-0.83872,
1403638566977829376,7.84877,2.01976,1.56724,0.00862,0.84499,-0.03226,0.53373,-1.15887,-1.48141,-0.86366,
1403638567077829376,7.73491,1.88524,1.48249,0.00853,0.83697,-0.03121,0.54629,-1.07863,-1.44483,-0.83593,
1403638567177829632,7.62927,1.75288,1.39493,0.01068,0.82477,-0.02948,0.56459,-0.99911,-1.40282,-0.87228,
1403638567277829376,7.52941,1.62539,1.30293,0.01402,0.81629,-0.02789,0.57680,-0.99003,-1.36500,-0.95213,
1403638567377829632,7.42924,1.50077,1.20621,0.01707,0.81451,-0.02739,0.57925,-1.00012,-1.31727,-0.95239,
1403638567477829376,7.32826,1.37750,1.11345,0.01912,0.81542,-0.02829,0.57786,-0.99590,-1.27911,-0.92056,
1403638567577829376,7.22973,1.25647,1.02867,0.02047,0.81912,-0.03009,0.57247,-1.00389,-1.23458,-0.83101,
1403638567677829632,7.13199,1.13825,0.95266,0.02379,0.82251,-0.03059,0.56743,-0.96651,-1.18959,-0.73420,
1403638567777829376,7.03683,1.02330,0.88504,0.02575,0.82590,-0.03107,0.56237,-0.91543,-1.13556,-0.63995,
1403638567877829632,6.94363,0.91204,0.82370,0.02492,0.82934,-0.03320,0.55719,-0.84742,-1.07579,-0.58362,
1403638567977829376,6.85544,0.80478,0.76832,0.02487,0.83024,-0.03416,0.55580,-0.79582,-1.05415,-0.52409,
1403638568077829376,6.77373,0.70127,0.72133,0.02788,0.83009,-0.03231,0.55600,-0.74055,-1.01353,-0.43274,
1403638568177829632,6.69432,0.60148,0.68290,0.02983,0.82928,-0.03103,0.55718,-0.70865,-0.97034,-0.34676,
1403638568277829376,6.61524,0.50666,0.65111,0.03075,0.82902,-0.03130,0.55750,-0.67454,-0.92578,-0.30036,
1403638568377829632,6.54212,0.41779,0.62105,0.03072,0.82933,-0.03176,0.55701,-0.64031,-0.87870,-0.34065,
1403638568477829376,6.47025,0.33557,0.58591,0.03109,0.82993,-0.03167,0.55610,-0.60934,-0.83119,-0.38196,
1403638568577829376,6.40952,0.26065,0.54513,0.03229,0.83115,-0.03120,0.55423,-0.55189,-0.77480,-0.40847,
1403638568677829632,6.34450,0.19059,0.50520,0.03361,0.83254,-0.02982,0.55213,-0.50808,-0.72106,-0.41070,
1403638568777829376,6.28132,0.13039,0.46776,0.03353,0.83339,-0.03005,0.55084,-0.47635,-0.66174,-0.35458,
1403638568877829632,6.22118,0.07617,0.43986,0.03179,0.83229,-0.03168,0.55252,-0.44750,-0.59855,-0.27139,
1403638568977829376,6.17860,0.02118,0.41674,0.03373,0.83173,-0.02997,0.55335,-0.38050,-0.55076,-0.18975,
1403638569077829376,6.12738,-0.02349,0.40561,0.03547,0.83112,-0.02891,0.55420,-0.34389,-0.49556,-0.10182,
1403638569177829632,6.09281,-0.06758,0.39743,0.03612,0.83189,-0.02886,0.55300,-0.31499,-0.44107,-0.05407,
1403638569277829376,6.05111,-0.10054,0.39372,0.03846,0.83286,-0.02797,0.55144,-0.28989,-0.38365,-0.08885,
1403638569377829632,6.02487,-0.13428,0.38207,0.03935,0.83277,-0.02776,0.55152,-0.23627,-0.33872,-0.13816,
1403638569477829376,5.99692,-0.15799,0.36911,0.04023,0.83122,-0.02759,0.55380,-0.19452,-0.27687,-0.18756,
1403638569577829376,5.98057,-0.18057,0.35040,0.04094,0.82994,-0.02725,0.55568,-0.15089,-0.22458,-0.17730,
1403638569677829632,5.96785,-0.19648,0.33718,0.04014,0.82878,-0.02822,0.55742,-0.13082,-0.17364,-0.09252,
1403638569777829376,5.95824,-0.20681,0.33075,0.04118,0.82793,-0.02763,0.55864,-0.10047,-0.11262,-0.05314,
1403638569877829632,5.94878,-0.20908,0.33523,0.04243,0.82667,-0.02673,0.56044,-0.07787,-0.06336,0.00998,
1403638569977829376,5.94649,-0.21091,0.33919,0.04121,0.82518,-0.02757,0.56270,-0.05022,-0.01266,0.01232,
1403638570077829376,5.94697,-0.20536,0.34056,0.03904,0.82458,-0.02914,0.56365,-0.02805,0.03600,-0.04760,
1403638570177829632,5.94884,-0.19542,0.33549,0.03428,0.82466,-0.03204,0.56367,-0.01030,0.07348,-0.10918,
1403638570277829376,5.95153,-0.18208,0.32446,0.02695,0.82404,-0.03684,0.56469,0.00593,0.10208,-0.15933,
1403638570377829632,5.95619,-0.16891,0.30900,0.02077,0.82366,-0.04431,0.56496,0.02326,0.08859,-0.20666,
1403638570477829376,5.95956,-0.15547,0.28951,0.01674,0.82295,-0.06006,0.56468,0.03850,0.06204,-0.27047,
1403638570577829376,5.96417,-0.15146,0.26117,0.00964,0.81999,-0.08710,0.56563,0.04648,0.00049,-0.32033,
1403638570677829632,5.96591,-0.15448,0.22889,0.01047,0.81450,-0.11632,0.56829,0.04079,-0.09417,-0.35667,
1403638570777829376,5.96757,-0.16795,0.19375,0.01776,0.80320,-0.14382,0.57781,0.00008,-0.20386,-0.36731,
1403638570877829632,5.96403,-0.19241,0.15704,0.03039,0.79139,-0.16810,0.58696,-0.06679,-0.30076,-0.39305,
1403638570977829376,5.95306,-0.22677,0.11678,0.04588,0.78311,-0.18928,0.59059,-0.14436,-0.41153,-0.42025,
1403638571077829376,5.93175,-0.27081,0.07103,0.06284,0.78018,-0.20825,0.58652,-0.24243,-0.50049,-0.45860,
1403638571177829632,5.90122,-0.32212,0.02855,0.08434,0.78263,-0.22063,0.57593,-0.33940,-0.57102,-0.37002,
1403638571277829376,5.86454,-0.37845,-0.00386,0.10476,0.78380,-0.22709,0.56843,-0.38854,-0.63304,-0.27942,
1403638571377829632,5.82024,-0.44065,-0.02640,0.11751,0.78306,-0.23244,0.56478,-0.43315,-0.66374,-0.17911,
1403638571477829376,5.77135,-0.50739,-0.03902,0.12346,0.78015,-0.23710,0.56560,-0.48900,-0.68858,-0.10211,
1403638571577829376,5.71852,-0.57810,-0.04774,0.13021,0.77777,-0.24123,0.56562,-0.53456,-0.72214,-0.12062,
1403638571677829632,5.66147,-0.65195,-0.06059,0.13621,0.77736,-0.25054,0.56070,-0.57029,-0.74774,-0.17538,
1403638571777829376,5.60070,-0.72908,-0.07905,0.14413,0.77665,-0.26394,0.55351,-0.61161,-0.77855,-0.23063,
1403638571877829632,5.53812,-0.80880,-0.10122,0.15144,0.77345,-0.28171,0.54724,-0.62140,-0.81974,-0.24698,
1403638571977829376,5.47245,-0.89192,-0.12091,0.15922,0.76711,-0.30173,0.54327,-0.66405,-0.86042,-0.18838,
1403638572077829376,5.40351,-0.97847,-0.13277,0.16841,0.75990,-0.32086,0.53966,-0.69889,-0.90179,-0.08704,
1403638572177829632,5.32966,-1.06854,-0.13632,0.18423,0.75275,-0.33601,0.53527,-0.76422,-0.92364,-0.03639,
1403638572277829376,5.25208,-1.16090,-0.13524,0.19847,0.74808,-0.35251,0.52604,-0.78449,-0.95930,-0.01768,
1403638572377829632,5.17364,-1.25758,-0.13582,0.21158,0.74296,-0.37075,0.51555,-0.79178,-0.99434,-0.05766,
1403638572477829376,5.09555,-1.35823,-0.13936,0.22553,0.73886,-0.38371,0.50596,-0.78337,-1.02132,-0.07870,
1403638572577829376,5.01850,-1.46308,-0.14404,0.23632,0.73502,-0.39225,0.50004,-0.75767,-1.05641,-0.07415,
1403638572677829632,4.94386,-1.57149,-0.14680,0.24213,0.73322,-0.39763,0.49562,-0.74203,-1.10126,-0.01897,
1403638572777829376,4.87239,-1.68407,-0.14069,0.24987,0.73472,-0.39739,0.48974,-0.70693,-1.13703,0.07611,
1403638572877829632,4.80505,-1.79971,-0.12596,0.25342,0.73727,-0.39674,0.48457,-0.65307,-1.17870,0.15948,
1403638572977829376,4.74213,-1.91882,-0.10702,0.25407,0.73951,-0.39569,0.48167,-0.60455,-1.20318,0.16309,
1403638573077829376,4.68306,-2.04202,-0.09238,0.25324,0.74175,-0.39431,0.47980,-0.54887,-1.22804,0.10967,
1403638573177829632,4.62882,-2.16751,-0.08424,0.25132,0.74352,-0.39292,0.47920,-0.49876,-1.26022,0.07237,
1403638573277829376,4.58020,-2.29472,-0.07799,0.24969,0.74501,-0.39091,0.47939,-0.44983,-1.28757,0.07073,
1403638573377829632,4.53342,-2.42570,-0.07118,0.24878,0.74587,-0.38980,0.47943,-0.40213,-1.32608,0.09023,
1403638573477829376,4.49520,-2.55924,-0.06076,0.25189,0.74603,-0.38983,0.47752,-0.33539,-1.36522,0.14199,
1403638573577829376,4.45903,-2.69643,-0.04281,0.25348,0.74593,-0.38991,0.47677,-0.27577,-1.39535,0.24051,
1403638573677829632,4.42848,-2.83436,-0.01775,0.25628,0.74620,-0.39031,0.47452,-0.23467,-1.39557,0.28414,
1403638573777829376,4.40464,-2.97431,0.01147,0.26316,0.74246,-0.39359,0.47391,-0.17563,-1.42160,0.30001,
1403638573877829632,4.38692,-3.11613,0.03971,0.27680,0.73204,-0.39903,0.47779,-0.13191,-1.42384,0.25472,
1403638573977829376,4.37533,-3.25729,0.06310,0.28861,0.71648,-0.41239,0.48301,-0.08682,-1.41172,0.19601,
1403638574077829376,4.36585,-3.39585,0.07985,0.29440,0.69601,-0.43376,0.49067,-0.09030,-1.38174,0.14037,
1403638574177829632,4.35522,-3.53168,0.09167,0.30038,0.67363,-0.45755,0.49662,-0.12050,-1.35218,0.08300,
1403638574277829376,4.34151,-3.66271,0.09988,0.30977,0.65480,-0.47963,0.49520,-0.17800,-1.30692,0.05132,
1403638574377829632,4.32263,-3.79012,0.10374,0.32220,0.64134,-0.49950,0.48515,-0.24244,-1.26994,0.02266,
1403638574477829376,4.29779,-3.91428,0.10416,0.33573,0.62957,-0.51749,0.47237,-0.29864,-1.22965,-0.00980,
1403638574577829376,4.26930,-4.03529,0.10759,0.34625,0.61882,-0.53161,0.46321,-0.32913,-1.20780,0.05900,
1403638574677829632,4.23652,-4.15529,0.11814,0.35809,0.61241,-0.53873,0.45441,-0.36779,-1.18780,0.15217,
1403638574777829376,4.20169,-4.27284,0.13489,0.36872,0.61224,-0.54138,0.44285,-0.36430,-1.15919,0.20931,
1403638574877829632,4.16814,-4.38639,0.15324,0.37018,0.61417,-0.54589,0.43331,-0.35921,-1.14270,0.19596,
1403638574977829376,4.13488,-4.49741,0.16785,0.36897,0.61640,-0.54926,0.42687,-0.35439,-1.12434,0.12308,
1403638575077829376,4.10101,-4.60641,0.17552,0.36159,0.61495,-0.55455,0.42844,-0.34679,-1.12628,0.05826,
1403638575177829632,4.06413,-4.71769,0.17962,0.35574,0.61230,-0.55776,0.43294,-0.36581,-1.12274,0.01596,
1403638575277829376,4.02457,-4.82748,0.17915,0.35241,0.61090,-0.55849,0.43668,-0.39543,-1.12461,-0.02613,
1403638575377829632,3.98208,-4.94046,0.17432,0.34926,0.61424,-0.55845,0.43459,-0.42786,-1.13246,-0.06791,
1403638575477829376,3.93612,-5.05185,0.16336,0.34745,0.61970,-0.55672,0.43048,-0.45025,-1.14924,-0.10887,
1403638575577829376,3.88947,-5.16720,0.15354,0.34654,0.62475,-0.55431,0.42702,-0.47647,-1.17723,-0.07372,
1403638575677829632,3.83891,-5.28588,0.14833,0.34988,0.63106,-0.54907,0.42174,-0.48224,-1.22042,0.01387,
1403638575777829376,3.79023,-5.40903,0.15336,0.35096,0.63758,-0.54606,0.41490,-0.47409,-1.24734,0.07630,
1403638575877829632,3.74322,-5.53967,0.16593,0.35085,0.64165,-0.54410,0.41128,-0.43572,-1.29867,0.19300,
1403638575977829376,3.70219,-5.67298,0.18902,0.35037,0.64194,-0.54341,0.41213,-0.40000,-1.33986,0.28093,
1403638576077829376,3.66178,-5.81528,0.21804,0.35091,0.64253,-0.54203,0.41257,-0.37375,-1.38949,0.34827,
1403638576177829632,3.62514,-5.95917,0.25402,0.35169,0.64100,-0.54160,0.41485,-0.33662,-1.42591,0.36172,
1403638576277829376,3.59130,-6.10987,0.28587,0.35565,0.64149,-0.53907,0.41401,-0.30781,-1.46649,0.31002,
1403638576377829632,3.56027,-6.26589,0.31279,0.36011,0.64307,-0.53613,0.41151,-0.27611,-1.50567,0.25749,
1403638576477829376,3.53467,-6.42320,0.33401,0.36380,0.64572,-0.53365,0.40733,-0.22335,-1.54037,0.20083,
1403638576577829376,3.51590,-6.58215,0.35011,0.36824,0.64981,-0.53077,0.40054,-0.15719,-1.57031,0.15477,
1403638576677829632,3.50540,-6.74076,0.36210,0.37136,0.65115,-0.52877,0.39811,-0.06536,-1.59236,0.11573,
1403638576777829376,3.50236,-6.90532,0.36972,0.37622,0.64869,-0.52525,0.40220,0.01105,-1.61920,0.07548,
1403638576877829632,3.50697,-7.06669,0.37475,0.37896,0.64376,-0.52350,0.40978,0.08461,-1.61474,0.02243,
1403638576977829376,3.51884,-7.23133,0.37174,0.37705,0.63724,-0.52538,0.41920,0.15380,-1.60228,-0.02160,
1403638577077829376,3.53689,-7.39296,0.36735,0.37286,0.63347,-0.52862,0.42457,0.19479,-1.58059,0.01491,
1403638577177829632,3.55912,-7.54956,0.37064,0.37024,0.63064,-0.53068,0.42849,0.22137,-1.56150,0.07711,
1403638577277829376,3.58257,-7.70533,0.38200,0.37064,0.63118,-0.53043,0.42765,0.24687,-1.56747,0.15292,
1403638577377829632,3.61025,-7.85781,0.40025,0.37741,0.63545,-0.52548,0.42148,0.28588,-1.54727,0.23642,
1403638577477829376,3.64075,-8.01117,0.42571,0.38169,0.63797,-0.52223,0.41782,0.33701,-1.52847,0.24866,
1403638577577829376,3.67886,-8.15738,0.44661,0.37887,0.63793,-0.52394,0.41832,0.39386,-1.50935,0.19660,
1403638577677829632,3.71987,-8.30747,0.46305,0.37546,0.63691,-0.52604,0.42030,0.42830,-1.49257,0.12389,
1403638577777829376,3.76495,-8.45023,0.47031,0.37274,0.63645,-0.52756,0.42152,0.46094,-1.48008,0.05633,
1403638577877829632,3.81329,-8.59837,0.47327,0.37234,0.63671,-0.52730,0.42181,0.50778,-1.47518,0.00868,
1403638577977829376,3.86579,-8.73726,0.47214,0.37312,0.63732,-0.52586,0.42200,0.54299,-1.45267,0.02912,
1403638578077829376,3.92240,-8.88347,0.47867,0.37204,0.63656,-0.52580,0.42416,0.59026,-1.45695,0.10084,
1403638578177829632,3.98264,-9.01930,0.48960,0.36752,0.63355,-0.52817,0.42963,0.61795,-1.44969,0.15858,
1403638578277829376,4.04573,-9.16474,0.50894,0.35906,0.62869,-0.53369,0.43703,0.62046,-1.45841,0.19783,
1403638578377829632,4.10537,-9.30063,0.52349,0.35710,0.62626,-0.53529,0.44017,0.60088,-1.44131,0.14826,
1403638578477829376,4.16157,-9.43491,0.53246,0.35732,0.62576,-0.53568,0.44023,0.57197,-1.41950,0.08447,
1403638578577829376,4.21889,-9.57567,0.53853,0.35727,0.62520,-0.53637,0.44021,0.55308,-1.40162,0.03802,
1403638578677829632,4.27152,-9.70494,0.53837,0.35989,0.62492,-0.53525,0.43984,0.53577,-1.38173,0.00184,
1403638578777829376,4.32341,-9.84266,0.53744,0.36506,0.62763,-0.53181,0.43588,0.52684,-1.35851,-0.03586,
1403638578877829632,4.37601,-9.96765,0.53191,0.37030,0.63036,-0.52824,0.43185,0.54115,-1.33564,-0.05951,
1403638578977829376,4.42957,-10.10222,0.52705,0.37263,0.63186,-0.52602,0.43035,0.55629,-1.32214,-0.02713,
1403638579077829376,4.48520,-10.22341,0.52845,0.37323,0.63244,-0.52501,0.43021,0.59013,-1.31233,0.08722,
1403638579177829632,4.54599,-10.35400,0.54168,0.37374,0.63256,-0.52418,0.43061,0.61348,-1.29827,0.16138,
1403638579277829376,4.60685,-10.47016,0.55726,0.37174,0.63142,-0.52533,0.43260,0.64026,-1.25063,0.20341,
1403638579377829632,4.67236,-10.59615,0.57719,0.36602,0.62823,-0.52903,0.43759,0.64701,-1.24331,0.17492,
1403638579477829376,4.73451,-10.70912,0.59123,0.36043,0.62385,-0.53289,0.44376,0.63515,-1.21034,0.11488,
1403638579577829376,4.79623,-10.83094,0.60083,0.35906,0.62144,-0.53015,0.45147,0.61851,-1.19562,0.08089,
1403638579677829632,4.85557,-10.93878,0.60603,0.36126,0.62217,-0.51802,0.46266,0.60362,-1.15081,0.02877,
1403638579777829376,4.91502,-11.04226,0.60597,0.35980,0.63284,-0.49916,0.47000,0.59794,-1.07953,-0.03685,
1403638579877829632,4.97409,-11.14181,0.59950,0.34926,0.65296,-0.47830,0.47212,0.60606,-1.01247,-0.09405,
1403638579977829376,5.03391,-11.23642,0.58812,0.33233,0.67313,-0.45367,0.48024,0.61874,-0.96561,-0.13649,
1403638580077829376,5.09530,-11.32853,0.57465,0.31807,0.68795,-0.41952,0.49956,0.61521,-0.88552,-0.14092,
1403638580177829632,5.15670,-11.41198,0.55839,0.29843,0.70241,-0.38304,0.52042,0.61501,-0.79379,-0.19521,
1403638580277829376,5.21548,-11.48406,0.53688,0.27220,0.71966,-0.34852,0.53528,0.57920,-0.69113,-0.24926,
1403638580377829632,5.27104,-11.54857,0.51042,0.24204,0.73609,-0.32246,0.54370,0.52447,-0.62481,-0.29380,
1403638580477829376,5.31950,-11.60560,0.47924,0.21590,0.74782,-0.30609,0.54814,0.46660,-0.58374,-0.32061,
1403638580577829376,5.36551,-11.66573,0.44727,0.19836,0.75522,-0.29284,0.55185,0.42473,-0.55941,-0.34136,
1403638580677829632,5.40687,-11.72391,0.41552,0.18288,0.76551,-0.27826,0.55056,0.38457,-0.53421,-0.30961,
1403638580777829376,5.44324,-11.77863,0.38979,0.17246,0.77574,-0.26340,0.54690,0.32716,-0.52450,-0.22744,
1403638580877829632,5.47719,-11.83207,0.37307,0.16769,0.78274,-0.25273,0.54344,0.30229,-0.50967,-0.13992,
1403638580977829376,5.51250,-11.88402,0.36726,0.16199,0.78416,-0.24949,0.54461,0.30328,-0.51408,-0.04226,
1403638581077829376,5.54506,-11.93467,0.37054,0.16078,0.78520,-0.24783,0.54423,0.30350,-0.51848,0.04946,
1403638581177829632,5.57456,-11.98463,0.38019,0.16334,0.78512,-0.24617,0.54435,0.30457,-0.51288,0.10805,
1403638581277829376,5.60671,-12.03101,0.39430,0.16762,0.78523,-0.24613,0.54290,0.28710,-0.48721,0.07948,
1403638581377829632,5.63479,-12.07620,0.40506,0.17090,0.78387,-0.24710,0.54340,0.27809,-0.46079,0.10420,
1403638581477829376,5.66146,-12.11865,0.41820,0.17367,0.78158,-0.24867,0.54511,0.27207,-0.43417,0.14600,
1403638581577829376,5.69041,-12.15255,0.44321,0.17704,0.78090,-0.25087,0.54399,0.29027,-0.41200,0.19453,
1403638581677829632,5.71779,-12.18780,0.46230,0.18230,0.77659,-0.25074,0.54845,0.28783,-0.38000,0.14129,
1403638581777829376,5.74706,-12.20702,0.48470,0.18502,0.77286,-0.25261,0.55194,0.28123,-0.32761,0.07769,
1403638581877829632,5.77310,-12.23252,0.49845,0.18799,0.76985,-0.25272,0.55509,0.27478,-0.29185,0.05147,
1403638581977829376,5.80127,-12.26190,0.50024,0.19199,0.76231,-0.25101,0.56482,0.24582,-0.23301,0.01611,
1403638582077829376,5.82681,-12.28199,0.51093,0.19085,0.76420,-0.25303,0.56173,0.21879,-0.18495,0.03876,
1403638582177829632,5.85029,-12.29789,0.52724,0.18689,0.77161,-0.25661,0.55122,0.20526,-0.14221,0.16356,
1403638582277829376,5.87161,-12.31425,0.54939,0.18716,0.77460,-0.25670,0.54687,0.20506,-0.12415,0.29810,
1403638582377829632,5.89693,-12.33009,0.58636,0.18967,0.77147,-0.25468,0.55135,0.22102,-0.10435,0.38776,
1403638582477829376,5.91657,-12.33870,0.62784,0.19175,0.77031,-0.25302,0.55302,0.19978,-0.06200,0.48016,
1403638582577829376,5.93768,-12.34731,0.68078,0.19274,0.76979,-0.25188,0.55392,0.19289,-0.02249,0.58521,
1403638582677829632,5.95940,-12.35656,0.74342,0.19227,0.77100,-0.25220,0.55226,0.17969,0.01271,0.66581,
1403638582777829376,5.97859,-12.35539,0.81290,0.19039,0.77262,-0.25392,0.54985,0.17900,0.03939,0.71595,
1403638582877829632,5.99707,-12.35050,0.88471,0.19062,0.77401,-0.25444,0.54757,0.17512,0.06843,0.69328,
1403638582977829376,6.01441,-12.33971,0.95025,0.18930,0.77625,-0.25603,0.54411,0.17393,0.09613,0.61539,
1403638583077829376,6.03190,-12.32711,1.00769,0.18824,0.77880,-0.25770,0.54003,0.17113,0.11987,0.53518,
1403638583177829632,6.05083,-12.31348,1.05717,0.18807,0.78049,-0.25836,0.53732,0.18973,0.13742,0.45773,
1403638583277829376,6.07273,-12.29839,1.10041,0.18670,0.78116,-0.25961,0.53622,0.20502,0.14543,0.41615,
1403638583377829632,6.09740,-12.28222,1.13895,0.18710,0.78096,-0.25914,0.53660,0.22291,0.16155,0.36441,
1403638583477829376,6.12011,-12.26620,1.17162,0.18682,0.78197,-0.25914,0.53522,0.25348,0.16711,0.38991,
1403638583577829376,6.14887,-12.24791,1.21532,0.18695,0.78205,-0.25904,0.53512,0.26078,0.18406,0.48061,
1403638583677829632,6.17848,-12.22967,1.26593,0.18855,0.78247,-0.25780,0.53453,0.27024,0.20969,0.52937,
1403638583777829376,6.21007,-12.20941,1.31677,0.18824,0.78227,-0.25779,0.53494,0.29301,0.22150,0.48999,
1403638583877829632,6.24012,-12.18106,1.36048,0.18897,0.78155,-0.25731,0.53597,0.31299,0.24525,0.42040,
1403638583977829376,6.28124,-12.14432,1.38499,0.18960,0.78191,-0.25709,0.53532,0.33042,0.27222,0.34212,
1403638584077829376,6.31858,-12.11857,1.41827,0.19248,0.77867,-0.25490,0.54004,0.34603,0.29439,0.32540,
1403638584177829632,6.35579,-12.09052,1.44835,0.19661,0.76999,-0.25139,0.55250,0.34837,0.32346,0.27987,
1403638584277829376,6.39458,-12.04050,1.45579,0.19940,0.76113,-0.24938,0.56456,0.32421,0.38369,0.19320,
1403638584377829632,6.42780,-11.98600,1.45666,0.20150,0.75844,-0.24852,0.56781,0.27906,0.45553,0.11431,
1403638584477829376,6.44972,-11.92759,1.45129,0.20249,0.75833,-0.24841,0.56764,0.23671,0.52422,0.08323,
1403638584577829376,6.46792,-11.87218,1.45721,0.20204,0.75871,-0.24843,0.56730,0.19074,0.58833,0.14028,
1403638584677829632,6.48420,-11.80971,1.47021,0.19977,0.76063,-0.24970,0.56496,0.16196,0.64648,0.22420,
1403638584777829376,6.48467,-11.73332,1.46680,0.19626,0.76715,-0.25258,0.55602,0.11822,0.69587,0.26702,
1403638584877829632,6.49230,-11.66253,1.49351,0.18972,0.77470,-0.25719,0.54562,0.10782,0.72764,0.28291,
1403638584977829376,6.48759,-11.57950,1.48814,0.18790,0.77769,-0.25989,0.54069,0.10093,0.73876,0.22069,
1403638585077829376,6.48406,-11.49547,1.47613,0.18771,0.77836,-0.26122,0.53916,0.09342,0.73964,0.13722,
1403638585177829632,6.48792,-11.42198,1.48289,0.18518,0.77826,-0.26269,0.53946,0.09360,0.73821,0.08033,
1403638585277829376,6.47008,-11.33701,1.45585,0.18608,0.77591,-0.26169,0.54300,0.07409,0.75450,0.02181,
1403638585377829632,6.47273,-11.26303,1.45245,0.18668,0.77394,-0.26079,0.54604,0.06319,0.75951,-0.03819,
1403638585477829376,6.45891,-11.18779,1.42850,0.18644,0.77392,-0.26041,0.54633,0.04108,0.76792,-0.03182,
1403638585577829376,6.46418,-11.11260,1.42942,0.18546,0.77577,-0.26051,0.54398,0.07041,0.75443,0.06127,
1403638585677829632,6.46652,-11.03631,1.43803,0.18514,0.77825,-0.26058,0.54051,0.05947,0.75808,0.11925,
1403638585777829376,6.46245,-10.96003,1.44193,0.18186,0.78289,-0.26242,0.53399,0.07403,0.74783,0.21911,
1403638585877829632,6.47342,-10.88506,1.46632,0.17925,0.78669,-0.26445,0.52825,0.13311,0.71016,0.28083,
1403638585977829376,6.48033,-10.80229,1.48672,0.17770,0.78600,-0.26671,0.52867,0.15252,0.69330,0.35977,
1403638586077829376,6.49881,-10.72903,1.52007,0.17995,0.78190,-0.26610,0.53427,0.16707,0.67355,0.31292,
1403638586177829632,6.51293,-10.63706,1.53886,0.18248,0.77851,-0.26616,0.53831,0.16315,0.69080,0.24015,
1403638586277829376,6.53097,-10.56777,1.55994,0.18489,0.77606,-0.26503,0.54158,0.16802,0.68085,0.19222,
1403638586377829632,6.54288,-10.48238,1.57065,0.19126,0.77269,-0.26157,0.54585,0.15639,0.69790,0.14501,
1403638586477829376,6.55920,-10.41277,1.58247,0.19936,0.77127,-0.25651,0.54736,0.14688,0.71642,0.09488,
1403638586577829376,6.56887,-10.32708,1.58362,0.20182,0.77034,-0.25523,0.54836,0.13990,0.76725,0.02845,
1403638586677829632,6.58348,-10.24961,1.58291,0.19890,0.77127,-0.25747,0.54708,0.13571,0.78649,-0.02759,
1403638586777829376,6.59782,-10.16721,1.57548,0.19487,0.77085,-0.26023,0.54781,0.13006,0.80538,-0.08999,
1403638586877829632,6.60829,-10.07333,1.55984,0.19293,0.76954,-0.26115,0.54989,0.11709,0.83978,-0.15118,
1403638586977829376,6.62088,-9.98961,1.54313,0.19314,0.76936,-0.26090,0.55019,0.11087,0.85826,-0.19375,
1403638587077829376,6.63152,-9.89314,1.52238,0.19253,0.76905,-0.26151,0.55055,0.09358,0.88242,-0.18424,
1403638587177829632,6.64114,-9.80542,1.50796,0.19201,0.77029,-0.26148,0.54901,0.07877,0.89961,-0.10085,
1403638587277829376,6.64854,-9.70966,1.50130,0.19135,0.77195,-0.26152,0.54688,0.08126,0.90700,-0.01570,
1403638587377829632,6.65514,-9.61906,1.50178,0.19069,0.77360,-0.26184,0.54463,0.06517,0.93195,0.02516,
1403638587477829376,6.66278,-9.51888,1.50366,0.18909,0.77354,-0.26364,0.54440,0.07386,0.94105,0.02729,
1403638587577829376,6.67070,-9.42590,1.50410,0.18830,0.77358,-0.26458,0.54417,0.07244,0.93393,-0.02624,
1403638587677829632,6.67988,-9.32861,1.49916,0.18822,0.77314,-0.26522,0.54451,0.07343,0.93771,-0.06957,
1403638587777829376,6.68791,-9.23523,1.48967,0.18816,0.77284,-0.26565,0.54474,0.07104,0.93368,-0.12409,
1403638587877829632,6.69555,-9.14213,1.47557,0.18733,0.77245,-0.26658,0.54513,0.06725,0.93396,-0.16462,
1403638587977829376,6.70301,-9.04890,1.45817,0.18702,0.77215,-0.26710,0.54541,0.06407,0.92444,-0.19565,
1403638588077829376,6.70877,-8.95830,1.43584,0.18808,0.77177,-0.26602,0.54611,0.05457,0.91855,-0.23130,
1403638588177829632,6.71411,-8.86723,1.41073,0.19464,0.77276,-0.26168,0.54450,0.04812,0.92534,-0.26178,
1403638588277829376,6.72314,-8.77452,1.38824,0.19744,0.77375,-0.25937,0.54319,0.05947,0.94814,-0.22362,
1403638588377829632,6.72862,-8.67930,1.36869,0.19809,0.77410,-0.25863,0.54280,0.06768,0.96703,-0.14653,
1403638588477829376,6.73532,-8.58085,1.35799,0.19637,0.77397,-0.25964,0.54313,0.07456,0.98943,-0.06588,
1403638588577829376,6.74670,-8.47646,1.35877,0.19416,0.77332,-0.26137,0.54402,0.06522,1.01592,0.02288,
1403638588677829632,6.75255,-8.37318,1.36511,0.19187,0.77247,-0.26262,0.54544,0.03567,1.04522,0.08974,
1403638588777829376,6.75823,-8.26497,1.37790,0.19051,0.77104,-0.26380,0.54736,0.04094,1.05511,0.10013,
1403638588877829632,6.76373,-8.15908,1.38522,0.18814,0.77036,-0.26603,0.54807,0.03301,1.05295,0.03189,
1403638588977829376,6.76832,-8.04972,1.38831,0.18843,0.77039,-0.26618,0.54785,0.02219,1.05881,-0.04670,
1403638589077829376,6.77060,-7.94447,1.38068,0.18890,0.77060,-0.26637,0.54731,0.01038,1.06200,-0.12226,
1403638589177829632,6.77102,-7.83980,1.37111,0.19037,0.77059,-0.26533,0.54732,0.00453,1.05947,-0.16478,
1403638589277829376,6.77198,-7.73434,1.35397,0.19015,0.76958,-0.26534,0.54880,-0.01122,1.06127,-0.20508,
1403638589377829632,6.77149,-7.62859,1.33580,0.19039,0.76943,-0.26509,0.54904,-0.01462,1.06445,-0.16829,
1403638589477829376,6.76948,-7.52308,1.32620,0.18995,0.77039,-0.26556,0.54763,-0.02579,1.06914,-0.12101,
1403638589577829376,6.76769,-7.41604,1.31881,0.18933,0.77035,-0.26588,0.54775,-0.03956,1.07499,-0.04271,
1403638589677829632,6.76700,-7.31147,1.32641,0.18884,0.77115,-0.26569,0.54687,-0.03648,1.07176,0.05385,
1403638589777829376,6.76298,-7.20605,1.33341,0.18918,0.77266,-0.26603,0.54446,-0.04564,1.06714,0.08145,
1403638589877829632,6.75967,-7.10482,1.34450,0.18899,0.77326,-0.26695,0.54323,-0.04145,1.06133,0.03410,
1403638589977829376,6.75417,-6.99887,1.34386,0.18933,0.77319,-0.26746,0.54295,-0.04603,1.06281,-0.02761,
1403638590077829376,6.74938,-6.89787,1.34278,0.18880,0.77319,-0.26834,0.54270,-0.04487,1.05462,-0.07224,
1403638590177829632,6.74597,-6.79233,1.33341,0.18950,0.77212,-0.26863,0.54383,-0.03960,1.04787,-0.11762,
1403638590277829376,6.74243,-6.68947,1.32049,0.18919,0.77134,-0.26920,0.54476,-0.04467,1.04105,-0.15442,
1403638590377829632,6.74136,-6.59340,1.30809,0.18949,0.77170,-0.26987,0.54382,-0.04105,1.03677,-0.19085,
1403638590477829376,6.73477,-6.49090,1.28782,0.18954,0.77229,-0.27014,0.54283,-0.04778,1.03661,-0.19738,
1403638590577829376,6.72990,-6.39241,1.27162,0.18864,0.77338,-0.27088,0.54122,-0.04618,1.01929,-0.14279,
1403638590677829632,6.72388,-6.29323,1.26039,0.18671,0.77500,-0.27191,0.53906,-0.02955,0.99810,-0.04768,
1403638590777829376,6.71924,-6.19776,1.25908,0.18590,0.77582,-0.27239,0.53791,-0.03292,0.98696,0.02164,
1403638590877829632,6.71470,-6.10205,1.26288,0.18612,0.77662,-0.27243,0.53667,-0.00295,0.94486,0.09549,
1403638590977829376,6.71000,-6.00629,1.27723,0.18485,0.77723,-0.27330,0.53577,-0.02655,0.95209,0.16622,
1403638591077829376,6.70492,-5.91244,1.29125,0.18342,0.77808,-0.27477,0.53427,-0.01808,0.92128,0.15333,
1403638591177829632,6.69981,-5.82160,1.30079,0.18235,0.78225,-0.27600,0.52788,-0.01163,0.89653,0.08203,
1403638591277829376,6.69362,-5.72942,1.30359,0.17971,0.78800,-0.27832,0.51894,0.02180,0.87149,0.01794,
1403638591377829632,6.69646,-5.64755,1.30182,0.17624,0.79222,-0.28102,0.51221,0.06713,0.81955,-0.02923,
1403638591477829376,6.69963,-5.56722,1.29551,0.17338,0.79490,-0.28306,0.50789,0.11668,0.75993,-0.09383,
1403638591577829376,6.71092,-5.49402,1.28295,0.17064,0.79751,-0.28543,0.50339,0.17767,0.68875,-0.14682,
1403638591677829632,6.73103,-5.43309,1.26717,0.16934,0.79774,-0.28655,0.50282,0.24308,0.61956,-0.16072,
1403638591777829376,6.75476,-5.37940,1.25159,0.17120,0.79589,-0.28542,0.50575,0.30221,0.54476,-0.16080,
1403638591877829632,6.78712,-5.33871,1.23725,0.17223,0.79360,-0.28456,0.50946,0.36162,0.46722,-0.12563,
1403638591977829376,6.82486,-5.30961,1.23056,0.17304,0.79102,-0.28371,0.51367,0.40249,0.39912,-0.03578,
1403638592077829376,6.86624,-5.30036,1.23480,0.17351,0.78855,-0.28239,0.51801,0.46186,0.31029,0.05716,
1403638592177829632,6.91309,-5.28316,1.24621,0.17162,0.78576,-0.28045,0.52390,0.51116,0.25654,0.16865,
1403638592277829376,6.95849,-5.27647,1.26916,0.16672,0.78044,-0.27482,0.53627,0.51471,0.20500,0.27044,
1403638592377829632,7.00719,-5.26157,1.29969,0.15793,0.77795,-0.26595,0.54692,0.50801,0.17290,0.33333,
1403638592477829376,7.05062,-5.26118,1.33760,0.14615,0.78066,-0.25214,0.55285,0.46500,0.12713,0.40669,
1403638592577829376,7.09296,-5.26066,1.38139,0.13828,0.78820,-0.23815,0.55036,0.43447,0.07339,0.46832,
1403638592677829632,7.13523,-5.26502,1.43077,0.13159,0.79582,-0.22721,0.54565,0.42350,0.02203,0.50060,
1403638592777829376,7.17630,-5.27271,1.47976,0.12620,0.80305,-0.21981,0.53933,0.43527,-0.03131,0.44653,
1403638592877829632,7.21898,-5.28252,1.52266,0.12195,0.80815,-0.21541,0.53443,0.44479,-0.07061,0.39001,
1403638592977829376,7.26218,-5.29677,1.56115,0.12110,0.81074,-0.21176,0.53215,0.47120,-0.12158,0.33554,
1403638593077829376,7.30976,-5.31336,1.59239,0.12007,0.81148,-0.21050,0.53177,0.49947,-0.17296,0.29848,
1403638593177829632,7.35879,-5.33508,1.62499,0.12005,0.80978,-0.20950,0.53474,0.55015,-0.22870,0.34967,
1403638593277829376,7.41541,-5.35949,1.66271,0.12689,0.80660,-0.20566,0.53945,0.58396,-0.26014,0.40386,
1403638593377829632,7.47456,-5.38587,1.70567,0.13590,0.80336,-0.20046,0.54403,0.59117,-0.27081,0.43861,
1403638593477829376,7.52910,-5.41260,1.74722,0.14406,0.79875,-0.19640,0.55015,0.59991,-0.25267,0.37204,
1403638593577829376,7.58569,-5.43663,1.78171,0.14858,0.79579,-0.19505,0.55372,0.59798,-0.22624,0.29825,
1403638593677829632,7.64028,-5.45814,1.80976,0.15115,0.79442,-0.19454,0.55517,0.58985,-0.19476,0.24062,
1403638593777829376,7.69865,-5.47560,1.83154,0.15246,0.79102,-0.19468,0.55959,0.59042,-0.15401,0.19905,
1403638593877829632,7.74978,-5.48859,1.85516,0.14825,0.78043,-0.19441,0.57546,0.55677,-0.09554,0.26272,
1403638593977829376,7.80200,-5.49581,1.88118,0.14184,0.77703,-0.19124,0.58270,0.49068,-0.04654,0.25511,
1403638594077829376,7.84099,-5.49939,1.91149,0.13336,0.78240,-0.18910,0.57819,0.40752,-0.01415,0.31034,
1403638594177829632,7.87536,-5.50015,1.94664,0.13112,0.78840,-0.18457,0.57199,0.35260,0.00107,0.32253,
1403638594277829376,7.90532,-5.49953,1.97985,0.13143,0.79072,-0.17983,0.57022,0.32464,0.02505,0.27942,
1403638594377829632,7.93623,-5.49602,2.00904,0.13392,0.78972,-0.17495,0.57254,0.29103,0.05190,0.30137,
1403638594477829376,7.96101,-5.48833,2.04266,0.13758,0.78836,-0.16941,0.57520,0.25364,0.09606,0.32876,
1403638594577829376,7.98348,-5.47558,2.08159,0.13198,0.78849,-0.17136,0.57576,0.19883,0.14327,0.40423,
1403638594677829632,7.99713,-5.45912,2.12674,0.12627,0.78878,-0.17462,0.57567,0.16147,0.16009,0.41272,
1403638594777829376,8.01305,-5.44195,2.16750,0.12412,0.78935,-0.17668,0.57472,0.14235,0.16786,0.35776,
1403638594877829632,8.01944,-5.42226,2.20297,0.12272,0.78912,-0.17859,0.57474,0.09381,0.18385,0.29397,
1403638594977829376,8.02967,-5.40337,2.23047,0.12367,0.79091,-0.17911,0.57191,0.05761,0.19118,0.21872,
1403638595077829376,8.03840,-5.38326,2.25226,0.12218,0.79203,-0.18095,0.57011,0.03331,0.19786,0.14693,
1403638595177829632,8.04498,-5.36232,2.26777,0.12199,0.79243,-0.18215,0.56921,0.01355,0.20043,0.08920,
1403638595277829376,8.04997,-5.34135,2.27703,0.12254,0.79281,-0.18228,0.56851,-0.00691,0.20707,0.02431,
1403638595377829632,8.05351,-5.31961,2.28057,0.12236,0.79248,-0.18284,0.56883,-0.02895,0.21021,-0.02744,
1403638595477829376,8.05562,-5.29696,2.27995,0.12248,0.79280,-0.18296,0.56833,-0.04427,0.20460,-0.07361,
1403638595577829376,8.04871,-5.27096,2.28400,0.12234,0.79344,-0.18302,0.56744,-0.06505,0.20693,-0.05389,
1403638595677829632,8.04661,-5.24860,2.28523,0.12472,0.79353,-0.18130,0.56735,-0.08204,0.21471,0.02039,
1403638595777829376,8.04381,-5.22414,2.29304,0.12897,0.79460,-0.17833,0.56584,-0.11196,0.23444,0.04281,
1403638595877829632,8.04136,-5.19761,2.29783,0.13030,0.79504,-0.17765,0.56513,-0.11086,0.24867,-0.07053,
1403638595977829376,8.03902,-5.17011,2.28880,0.13275,0.79482,-0.17620,0.56533,-0.10576,0.27165,-0.20730,
1403638596077829376,8.03762,-5.14038,2.27034,0.14021,0.79569,-0.17139,0.56377,-0.09939,0.29034,-0.26269,
1403638596177829632,8.03919,-5.09982,2.26521,0.15171,0.79769,-0.16391,0.56019,-0.08877,0.35743,-0.21571,
1403638596277829376,8.03521,-5.05963,2.24890,0.16331,0.79957,-0.15519,0.55672,-0.07059,0.43381,-0.13859,
1403638596377829632,8.03234,-5.00888,2.24970,0.17261,0.80007,-0.14783,0.55519,-0.04070,0.54515,-0.03658,
1403638596477829376,8.03395,-4.94725,2.25234,0.17820,0.79982,-0.14298,0.55506,-0.00091,0.67422,0.04104,
1403638596577829376,8.04489,-4.87337,2.27246,0.18510,0.80096,-0.13772,0.55247,0.07267,0.80238,0.13916,
1403638596677829632,8.05688,-4.78561,2.29198,0.19273,0.80130,-0.13169,0.55085,0.11238,0.95908,0.21630,
1403638596777829376,8.08114,-4.68398,2.32547,0.19671,0.80165,-0.12869,0.54964,0.18755,1.11923,0.28774,
1403638596877829632,8.10384,-4.56401,2.35818,0.20033,0.80096,-0.12580,0.55001,0.23510,1.28639,0.34389,
1403638596977829376,8.13943,-4.42990,2.39888,0.20225,0.79985,-0.12518,0.55106,0.29694,1.43734,0.32125,
1403638597077829376,8.17350,-4.28024,2.42812,0.20513,0.79891,-0.12407,0.55160,0.35168,1.58603,0.26804,
1403638597177829632,8.21810,-4.11655,2.45544,0.20764,0.79715,-0.12407,0.55321,0.40396,1.74294,0.21005,
1403638597277829376,8.26560,-3.93374,2.47453,0.20544,0.79437,-0.12728,0.55729,0.44084,1.90410,0.14216,
1403638597377829632,8.31915,-3.73625,2.48701,0.20102,0.79250,-0.13239,0.56036,0.46576,2.04456,0.08435,
1403638597477829376,8.37243,-3.52463,2.49666,0.19276,0.78903,-0.13966,0.56637,0.48148,2.17772,0.05239,
1403638597577829376,8.42265,-3.30268,2.50018,0.18028,0.78402,-0.14949,0.57486,0.46696,2.26836,-0.00737,
1403638597677829632,8.46885,-3.07239,2.49787,0.17592,0.78141,-0.15366,0.57865,0.43404,2.33772,-0.04644,
1403638597777829376,8.51280,-2.83452,2.49025,0.18005,0.78317,-0.14872,0.57628,0.41476,2.41142,-0.09045,
1403638597877829632,8.55562,-2.58785,2.47852,0.18423,0.78597,-0.13748,0.57394,0.38812,2.50334,-0.15249,
1403638597977829376,8.59739,-2.33157,2.46544,0.18539,0.78795,-0.12834,0.57298,0.37583,2.60132,-0.14927,
1403638598077829376,8.64042,-2.06365,2.45766,0.17868,0.78831,-0.12565,0.57521,0.38193,2.72937,-0.05021,
1403638598177829632,8.68166,-1.78418,2.45707,0.15717,0.78969,-0.13467,0.57754,0.34197,2.82105,-0.00484,
1403638598277829376,8.72070,-1.49803,2.46207,0.13983,0.79150,-0.14299,0.57752,0.31838,2.85742,0.00830,
1403638598377829632,8.75770,-1.21095,2.46567,0.12895,0.79329,-0.14821,0.57628,0.30358,2.84667,-0.02475,
1403638598477829376,8.79260,-0.92473,2.46360,0.12474,0.79571,-0.14993,0.57342,0.27385,2.84548,-0.08182,
1403638598577829376,8.82566,-0.63935,2.45427,0.11981,0.79799,-0.14800,0.57179,0.25755,2.82764,-0.15693,
1403638598677829632,8.85651,-0.35651,2.43836,0.11545,0.80074,-0.13945,0.57100,0.25729,2.80727,-0.18020,
1403638598777829376,8.88701,-0.07619,2.42345,0.10709,0.80337,-0.12861,0.57148,0.23120,2.78935,-0.12747,
1403638598877829632,8.91452,0.20175,2.41450,0.09797,0.80488,-0.11427,0.57404,0.22559,2.75675,-0.06554,
1403638598977829376,8.93781,0.47714,2.40841,0.08803,0.80784,-0.09784,0.57452,0.20466,2.75064,-0.03891,
1403638599077829376,8.96008,0.75122,2.40867,0.07598,0.80970,-0.08117,0.57621,0.19818,2.73276,0.04859,
1403638599177829632,8.97922,1.02394,2.41639,0.06405,0.81157,-0.06352,0.57725,0.15273,2.72389,0.10437,
1403638599277829376,8.99620,1.29535,2.42937,0.05312,0.81415,-0.04451,0.57651,0.14362,2.71437,0.15530,
1403638599377829632,9.01065,1.56602,2.45031,0.04058,0.81787,-0.02722,0.57332,0.11089,2.68933,0.24272,
1403638599477829376,9.02352,1.83501,2.47564,0.03145,0.82043,-0.01389,0.57071,0.11938,2.67321,0.26809,
1403638599577829376,9.03669,2.10246,2.49885,0.02593,0.82305,-0.00546,0.56735,0.11379,2.64235,0.20328,
1403638599677829632,9.04916,2.36879,2.51219,0.02227,0.82472,-0.00093,0.56509,0.10214,2.62090,0.12346,
1403638599777829376,9.06223,2.63399,2.51597,0.02105,0.82494,0.00020,0.56482,0.13795,2.59412,0.03998,
1403638599877829632,9.07862,2.89661,2.51289,0.01912,0.82622,-0.00229,0.56302,0.15400,2.57043,-0.01143,
1403638599977829376,9.09779,3.15798,2.50509,0.01535,0.82632,-0.00784,0.56293,0.18547,2.55309,-0.06563,
1403638600077829376,9.12048,3.41634,2.49382,0.00901,0.82732,-0.01574,0.56143,0.23169,2.51243,-0.08947,
1403638600177829632,9.14902,3.66891,2.47861,-0.00302,0.82881,-0.02769,0.55883,0.24678,2.45468,-0.13545,
1403638600277829376,9.17969,3.91442,2.45926,-0.01293,0.83069,-0.03858,0.55524,0.27057,2.36492,-0.18832,
1403638600377829632,9.21527,4.14953,2.43939,-0.02042,0.83200,-0.04737,0.55237,0.31848,2.24889,-0.16558,
1403638600477829376,9.25553,4.37282,2.42488,-0.02643,0.83308,-0.05413,0.54986,0.36562,2.09344,-0.08597,
1403638600577829376,9.29763,4.58119,2.41950,-0.02418,0.83372,-0.05489,0.54891,0.41356,1.95451,0.00079,
1403638600677829632,9.34383,4.77430,2.42323,-0.02694,0.83527,-0.05801,0.54611,0.46824,1.81014,0.07373,
1403638600777829376,9.39476,4.95371,2.43445,-0.02657,0.83906,-0.05806,0.54027,0.52233,1.67186,0.13061,
1403638600877829632,9.45128,5.11846,2.44994,-0.01552,0.84317,-0.04937,0.53516,0.57899,1.54919,0.16817,
1403638600977829376,9.51258,5.27388,2.46185,0.00136,0.84560,-0.03604,0.53259,0.64917,1.46524,0.11113,
1403638601077829376,9.58164,5.41677,2.46869,0.01048,0.84619,-0.02802,0.53204,0.72555,1.41236,0.05862,
1403638601177829632,9.65746,5.54807,2.47090,0.01813,0.84496,-0.02133,0.53409,0.79285,1.37319,0.00934,
1403638601277829376,9.73885,5.67838,2.46891,0.02743,0.83879,-0.01339,0.54360,0.86655,1.35411,-0.02820,
1403638601377829632,9.82545,5.81164,2.46405,0.02463,0.83379,-0.00908,0.55146,0.91333,1.37393,-0.01369,
1403638601477829376,9.91646,5.95060,2.46321,0.01164,0.82940,-0.00405,0.55853,0.94368,1.38649,0.04197,
1403638601577829376,10.00894,6.09090,2.46995,0.00090,0.82479,0.01058,0.56533,0.94103,1.39009,0.09565,
1403638601677829632,10.10181,6.22907,2.48198,-0.01036,0.82250,0.03093,0.56783,0.94349,1.40103,0.13816,
1403638601777829376,10.19306,6.36438,2.50079,-0.02312,0.81997,0.05684,0.56910,0.91486,1.40155,0.21959,
1403638601877829632,10.28159,6.50174,2.52738,-0.03714,0.81542,0.08626,0.57120,0.88804,1.40714,0.27558,
1403638601977829376,10.36692,6.63877,2.55446,-0.05221,0.81253,0.11001,0.57005,0.86521,1.41592,0.25295,
1403638602077829376,10.45038,6.77711,2.57618,-0.06386,0.81103,0.12723,0.56741,0.83891,1.40843,0.18120,
1403638602177829632,10.53102,6.91720,2.59146,-0.06980,0.80647,0.14323,0.56940,0.80768,1.42219,0.12844,
1403638602277829376,10.60654,7.06118,2.60083,-0.07748,0.79962,0.16109,0.57328,0.75418,1.46141,0.08024,
1403638602377829632,10.67711,7.21031,2.60998,-0.09990,0.78865,0.17392,0.58121,0.68736,1.49304,0.12510,
1403638602477829376,10.73953,7.36040,2.63035,-0.13453,0.76661,0.18079,0.60128,0.58811,1.47054,0.24545,
1403638602577829376,10.78888,7.50407,2.65794,-0.16940,0.74494,0.18620,0.61782,0.44449,1.36490,0.30541,
1403638602677829632,10.82323,7.63490,2.69032,-0.18991,0.73477,0.19993,0.61973,0.27620,1.21001,0.34107,
1403638602777829376,10.83986,7.74845,2.72691,-0.20076,0.73066,0.21974,0.61445,0.10899,1.04815,0.41021,
1403638602877829632,10.83683,7.84391,2.76754,-0.21168,0.72747,0.23949,0.60715,-0.06178,0.89288,0.43671,
1403638602977829376,10.82022,7.92621,2.81117,-0.23127,0.72780,0.25482,0.59320,-0.19725,0.76128,0.42630,
1403638603077829376,10.79482,7.99722,2.85267,-0.25002,0.72300,0.26938,0.58498,-0.28401,0.62567,0.38675,
1403638603177829632,10.76182,8.05356,2.88808,-0.26213,0.71594,0.28356,0.58165,-0.35740,0.47302,0.28811,
1403638603277829376,10.72155,8.09521,2.91156,-0.26059,0.72360,0.30047,0.56411,-0.43095,0.31972,0.16888,
1403638603377829632,10.67522,8.12650,2.92623,-0.25404,0.73663,0.31444,0.54218,-0.46992,0.24025,0.08907,
1403638603477829376,10.62716,8.15569,2.93789,-0.25052,0.74531,0.32095,0.52797,-0.46894,0.18809,0.05624,
1403638603577829376,10.57902,8.18198,2.94734,-0.25137,0.74347,0.32455,0.52795,-0.46467,0.17770,0.03374,
1403638603677829632,10.53125,8.20316,2.95171,-0.25298,0.73600,0.32676,0.53622,-0.46851,0.13078,-0.03892,
1403638603777829376,10.48379,8.21916,2.94664,-0.24631,0.72753,0.33303,0.54692,-0.49674,0.08438,-0.10741,
1403638603877829632,10.43043,8.23380,2.93935,-0.23893,0.72044,0.33794,0.55648,-0.56059,0.06270,-0.16947,
1403638603977829376,10.37010,8.24354,2.92546,-0.23346,0.71399,0.34093,0.56522,-0.64049,0.04369,-0.20414,
1403638604077829376,10.30087,8.24872,2.90298,-0.22738,0.71060,0.34370,0.57028,-0.73699,0.02816,-0.21094,
1403638604177829632,10.22071,8.25122,2.88984,-0.22627,0.71015,0.34482,0.57060,-0.84853,0.03252,-0.12585,
1403638604277829376,10.12936,8.24942,2.87991,-0.23290,0.71401,0.34093,0.56543,-0.97533,-0.00399,-0.06815,
1403638604377829632,10.02797,8.24335,2.87830,-0.23873,0.72148,0.33802,0.55517,-1.06054,-0.05045,-0.01351,
1403638604477829376,9.92070,8.23268,2.88209,-0.23710,0.72917,0.33974,0.54467,-1.09743,-0.07012,0.06846,
1403638604577829376,9.80995,8.22111,2.89134,-0.23547,0.73377,0.34108,0.53834,-1.12638,-0.08744,0.07032,
1403638604677829632,9.69713,8.20754,2.89447,-0.23842,0.73694,0.33950,0.53368,-1.14019,-0.10519,0.00303,
1403638604777829376,9.58251,8.19218,2.89251,-0.24270,0.73883,0.33681,0.53084,-1.14133,-0.12662,-0.02441,
1403638604877829632,9.46768,8.17505,2.88987,-0.24384,0.74200,0.33593,0.52643,-1.14533,-0.15376,0.00084,
1403638604977829376,9.35434,8.15523,2.89041,-0.24168,0.74796,0.33749,0.51793,-1.12685,-0.16774,0.04657,
1403638605077829376,9.24192,8.13412,2.89781,-0.23949,0.75428,0.33924,0.50855,-1.10770,-0.18636,0.12018,
1403638605177829632,9.13288,8.11294,2.91348,-0.23731,0.75815,0.34098,0.50262,-1.03380,-0.15228,0.19207,
1403638605277829376,9.03150,8.09635,2.93323,-0.23368,0.75901,0.34367,0.50119,-0.98118,-0.12412,0.18405,
1403638605377829632,8.93682,8.08435,2.94934,-0.22768,0.75442,0.34818,0.50772,-0.93159,-0.08522,0.14986,
1403638605477829376,8.84336,8.07842,2.96064,-0.22020,0.74450,0.35396,0.52149,-0.91574,-0.04082,0.09491,
1403638605577829376,8.75137,8.07416,2.96659,-0.21462,0.73614,0.35873,0.53230,-0.93747,-0.01402,0.03904,
1403638605677829632,8.65653,8.07561,2.96840,-0.21000,0.73043,0.36246,0.53943,-0.99151,0.03656,0.01672,
1403638605777829376,8.55447,8.08238,2.97358,-0.20837,0.72952,0.36382,0.54038,-1.06520,0.08195,0.10008,
1403638605877829632,8.44538,8.09437,2.98820,-0.20559,0.72952,0.36555,0.54028,-1.11988,0.15401,0.18198,
1403638605977829376,8.33097,8.11425,3.00955,-0.20143,0.72889,0.36764,0.54128,-1.17371,0.21713,0.22600,
1403638606077829376,8.20914,8.13838,3.02847,-0.19881,0.72904,0.36847,0.54148,-1.23907,0.27321,0.16807,
1403638606177829632,8.08132,8.16906,3.04097,-0.19537,0.72889,0.37007,0.54185,-1.31880,0.32368,0.09010,
1403638606277829376,7.94672,8.20629,3.04671,-0.19325,0.73014,0.37035,0.54074,-1.38700,0.38918,0.00955,
1403638606377829632,7.80398,8.24869,3.04232,-0.19899,0.73848,0.36534,0.53064,-1.44681,0.44831,-0.07190,
1403638606477829376,7.65816,8.29720,3.03100,-0.20737,0.74852,0.35841,0.51794,-1.46110,0.51078,-0.13535,
1403638606577829376,7.51331,8.35191,3.01417,-0.21448,0.75704,0.35339,0.50597,-1.44034,0.56671,-0.18384,
1403638606677829632,7.37155,8.41347,2.99258,-0.22002,0.76028,0.35529,0.49733,-1.39908,0.63368,-0.23337,
1403638606777829376,7.23445,8.48189,2.96730,-0.22496,0.76045,0.36430,0.48825,-1.35032,0.69657,-0.26925,
1403638606877829632,7.10392,8.55689,2.94056,-0.23370,0.75710,0.37683,0.47977,-1.28126,0.77901,-0.24307,
1403638606977829376,6.98147,8.64019,2.91864,-0.24475,0.75023,0.39226,0.47264,-1.19859,0.86340,-0.17180,
1403638607077829376,6.86838,8.72995,2.90672,-0.25881,0.74189,0.40669,0.46608,-1.12027,0.91326,-0.07160,
1403638607177829632,6.76488,8.82601,2.90301,-0.27516,0.73241,0.41389,0.46536,-1.02707,0.97132,0.00395,
1403638607277829376,6.66817,8.92536,2.90025,-0.28874,0.71907,0.41861,0.47364,-0.95500,0.98537,-0.04511,
1403638607377829632,6.57573,9.02647,2.88895,-0.30122,0.71074,0.41895,0.47812,-0.91183,0.99041,-0.13884,
1403638607477829376,6.48726,9.12700,2.86922,-0.30690,0.70773,0.42020,0.47787,-0.86806,0.97661,-0.22711,
1403638607577829376,6.40221,9.22409,2.84197,-0.30881,0.70673,0.42155,0.47693,-0.82216,0.94315,-0.26819,
1403638607677829632,6.32150,9.31863,2.81128,-0.31035,0.70506,0.42145,0.47849,-0.77776,0.91874,-0.30035,
1403638607777829376,6.24407,9.41162,2.77788,-0.30861,0.70363,0.42189,0.48133,-0.74361,0.89366,-0.33912,
1403638607877829632,6.17058,9.50127,2.74007,-0.30978,0.70577,0.41979,0.47928,-0.70996,0.87512,-0.39253,
1403638607977829376,6.10233,9.58810,2.69872,-0.31202,0.71012,0.41632,0.47440,-0.65315,0.85433,-0.42724,
1403638608077829376,6.04089,9.67366,2.65208,-0.31267,0.70881,0.41380,0.47812,-0.59375,0.82716,-0.47257,
1403638608177829632,5.98547,9.75476,2.60062,-0.30875,0.70580,0.41429,0.48465,-0.55049,0.80274,-0.51997,
1403638608277829376,5.93167,9.83220,2.54609,-0.30725,0.70125,0.41379,0.49257,-0.52951,0.76167,-0.56258,
1403638608377829632,5.88016,9.90561,2.48669,-0.30736,0.69544,0.41275,0.50153,-0.52485,0.71847,-0.60211,
1403638608477829376,5.82788,9.97449,2.42170,-0.30746,0.69533,0.41240,0.50190,-0.51942,0.66184,-0.68697,
1403638608577829376,5.77562,10.03904,2.35157,-0.30564,0.69676,0.41309,0.50046,-0.51493,0.60718,-0.70203,
1403638608677829632,5.72221,10.09854,2.28461,-0.31109,0.69389,0.40925,0.50424,-0.53247,0.55085,-0.62668,
1403638608777829376,5.66768,10.14902,2.22071,-0.31151,0.69390,0.40901,0.50416,-0.54609,0.47136,-0.61836,
1403638608877829632,5.61277,10.19460,2.16263,-0.31022,0.69727,0.41026,0.49927,-0.54228,0.40792,-0.52807,
1403638608977829376,5.56014,10.23461,2.11307,-0.30950,0.70134,0.41108,0.49330,-0.53543,0.35222,-0.45623,
1403638609077829376,5.50964,10.27166,2.06849,-0.30902,0.70401,0.41153,0.48940,-0.50511,0.32004,-0.38847,
1403638609177829632,5.46121,10.30652,2.02924,-0.31098,0.70430,0.41019,0.48888,-0.47526,0.28750,-0.35013,
1403638609277829376,5.41445,10.33670,1.98900,-0.31903,0.70420,0.40442,0.48864,-0.45646,0.23206,-0.41290,
1403638609377829632,5.37007,10.36038,1.94508,-0.31787,0.70438,0.40487,0.48876,-0.41748,0.18964,-0.48740,
1403638609477829376,5.32897,10.38560,1.89046,-0.31412,0.70439,0.40704,0.48937,-0.38536,0.14830,-0.55035,
1403638609577829376,5.29045,10.40190,1.83299,-0.31064,0.70437,0.40897,0.49001,-0.36400,0.11869,-0.60783,
1403638609677829632,5.25441,10.42431,1.76601,-0.30840,0.70351,0.41037,0.49150,-0.33945,0.11586,-0.65611,
1403638609777829376,5.22012,10.43653,1.70264,-0.30708,0.70358,0.41112,0.49159,-0.33201,0.08733,-0.62374,
1403638609877829632,5.19231,10.45296,1.64284,-0.30755,0.70394,0.41071,0.49112,-0.29383,0.08088,-0.52244,
1403638609977829376,5.16469,10.45804,1.59352,-0.30849,0.70342,0.40991,0.49194,-0.27519,0.04872,-0.46297,
1403638610077829376,5.14298,10.46637,1.54924,-0.31186,0.70116,0.40742,0.49510,-0.25262,0.01145,-0.37230,
1403638610177829632,5.11981,10.46620,1.51353,-0.31283,0.69809,0.40661,0.49948,-0.23725,-0.03038,-0.38179,
1403638610277829376,5.09780,10.46248,1.47292,-0.31518,0.69679,0.40467,0.50138,-0.22281,-0.07852,-0.44545,
1403638610377829632,5.07649,10.45351,1.42552,-0.31600,0.69644,0.40404,0.50187,-0.21238,-0.12306,-0.50619,
1403638610477829376,5.05532,10.43951,1.37291,-0.31604,0.69481,0.40369,0.50438,-0.20845,-0.17660,-0.54380,
1403638610577829376,5.03934,10.42416,1.31435,-0.31885,0.68959,0.40161,0.51139,-0.20919,-0.24248,-0.56910,
1403638610677829632,5.01634,10.39674,1.25765,-0.32308,0.68452,0.39854,0.51790,-0.23668,-0.33415,-0.56122,
1403638610777829376,4.99106,10.35826,1.20347,-0.32086,0.68980,0.40121,0.51016,-0.25891,-0.43205,-0.52385,
1403638610877829632,4.96652,10.31202,1.15696,-0.31745,0.69611,0.40505,0.50060,-0.23244,-0.45878,-0.40393,
1403638610977829376,4.94300,10.26348,1.11853,-0.31812,0.69647,0.40543,0.49936,-0.21717,-0.51369,-0.35896,
1403638611077829376,4.92625,10.21664,1.07547,-0.32138,0.69358,0.40378,0.50261,-0.20352,-0.56304,-0.41033,
1403638611177829632,4.90489,10.15894,1.03104,-0.32270,0.69266,0.40400,0.50286,-0.19809,-0.61366,-0.46749,
1403638611277829376,4.88443,10.09726,0.98613,-0.32208,0.69233,0.40508,0.50284,-0.18969,-0.67046,-0.41556,
1403638611377829632,4.86369,10.02871,0.94611,-0.31553,0.69007,0.40971,0.50634,-0.19732,-0.74000,-0.37237,
1403638611477829376,4.84564,9.95865,0.90909,-0.30332,0.68590,0.41795,0.51269,-0.22079,-0.76613,-0.30480,
1403638611577829376,4.81946,9.87933,0.88267,-0.29454,0.68556,0.42321,0.51396,-0.27538,-0.79779,-0.22971,
1403638611677829632,4.78943,9.80227,0.85865,-0.29301,0.68797,0.42361,0.51127,-0.32883,-0.79983,-0.20985,
1403638611777829376,4.75378,9.72674,0.83306,-0.29878,0.69380,0.41909,0.50372,-0.34990,-0.79925,-0.27197,
1403638611877829632,4.71818,9.64662,0.80370,-0.30414,0.69930,0.41463,0.49654,-0.35723,-0.80693,-0.32240,
1403638611977829376,4.68163,9.56795,0.76919,-0.30687,0.70270,0.41183,0.49238,-0.34848,-0.80964,-0.34649,
1403638612077829376,4.64532,9.48644,0.73564,-0.30635,0.70470,0.41131,0.49028,-0.33563,-0.81097,-0.30920,
1403638612177829632,4.61321,9.40394,0.71034,-0.30780,0.70596,0.40974,0.48887,-0.30206,-0.81122,-0.19948,
1403638612277829376,4.58342,9.32077,0.69121,-0.30836,0.70596,0.40899,0.48915,-0.26575,-0.79959,-0.10682,
1403638612377829632,4.55658,9.23765,0.67865,-0.30661,0.70554,0.40967,0.49028,-0.24860,-0.82015,-0.10190,
1403638612477829376,4.52979,9.15187,0.66091,-0.30590,0.70435,0.40887,0.49310,-0.23273,-0.83314,-0.16217,
1403638612577829376,4.50535,9.06729,0.64011,-0.30292,0.70224,0.40949,0.49740,-0.22741,-0.85173,-0.24039,
1403638612677829632,4.48094,8.98294,0.61258,-0.29704,0.70046,0.41200,0.50138,-0.23241,-0.83935,-0.29803,
1403638612777829376,4.45297,8.89741,0.57808,-0.29408,0.69960,0.41169,0.50456,-0.25309,-0.84951,-0.33269,
1403638612877829632,4.42474,8.81218,0.54505,-0.29416,0.69846,0.40950,0.50788,-0.28784,-0.86250,-0.31559,
1403638612977829376,4.39137,8.72736,0.51564,-0.29491,0.69907,0.40732,0.50834,-0.30802,-0.83660,-0.27674,
1403638613077829376,4.35931,8.64469,0.49606,-0.29552,0.70186,0.40615,0.50508,-0.34206,-0.85197,-0.17802,
1403638613177829632,4.32429,8.55990,0.48296,-0.29511,0.70425,0.40587,0.50222,-0.35743,-0.84655,-0.10610,
1403638613277829376,4.28615,8.47724,0.47703,-0.29411,0.70463,0.40615,0.50203,-0.36713,-0.84176,-0.01924,
1403638613377829632,4.24851,8.39229,0.47655,-0.29331,0.70422,0.40671,0.50263,-0.37909,-0.83646,0.00655,
1403638613477829376,4.20748,8.30653,0.47280,-0.29380,0.70361,0.40569,0.50401,-0.38717,-0.83827,-0.03839,
1403638613577829376,4.16794,8.22200,0.46428,-0.29299,0.70480,0.40140,0.50626,-0.39207,-0.82939,-0.10889,
1403638613677829632,4.12681,8.13692,0.44924,-0.29679,0.70531,0.39472,0.50857,-0.41111,-0.83756,-0.17624,
1403638613777829376,4.08251,8.05020,0.42631,-0.30032,0.70380,0.38728,0.51429,-0.41876,-0.87249,-0.24760,
1403638613877829632,4.04040,7.95933,0.39686,-0.29716,0.70581,0.37925,0.51932,-0.42439,-0.91646,-0.32581,
1403638613977829376,3.99581,7.86166,0.36179,-0.28942,0.71156,0.36921,0.52307,-0.43673,-0.97319,-0.37170,
1403638614077829376,3.94980,7.75979,0.32158,-0.27747,0.71931,0.35712,0.52733,-0.44645,-1.00655,-0.40621,
1403638614177829632,3.90246,7.65481,0.28073,-0.26284,0.72929,0.34388,0.52991,-0.47005,-1.04604,-0.37158,
1403638614277829376,3.85517,7.54742,0.24496,-0.25196,0.73788,0.33015,0.53202,-0.48792,-1.05970,-0.33134,
1403638614377829632,3.80565,7.43903,0.21469,-0.24353,0.74434,0.32045,0.53288,-0.49524,-1.06579,-0.26154,
1403638614477829376,3.75566,7.33021,0.19387,-0.24031,0.74876,0.31142,0.53350,-0.50661,-1.07434,-0.17323,
1403638614577829376,3.70473,7.22012,0.18265,-0.23658,0.75291,0.30289,0.53423,-0.50792,-1.09648,-0.11302,
1403638614677829632,3.65645,7.11039,0.17897,-0.23373,0.75766,0.29074,0.53554,-0.46845,-1.10149,-0.00963,
1403638614777829376,3.61175,6.99983,0.18625,-0.23216,0.76713,0.27392,0.53159,-0.46507,-1.14727,0.07755,
1403638614877829632,3.56900,6.88604,0.20276,-0.22467,0.77792,0.25613,0.52798,-0.43201,-1.17946,0.17363,
1403638614977829376,3.53253,6.76979,0.22579,-0.21162,0.78677,0.23681,0.52927,-0.36122,-1.21001,0.21439,
1403638615077829376,3.50192,6.65170,0.25486,-0.19345,0.79379,0.21585,0.53469,-0.30814,-1.24499,0.25629,
1403638615177829632,3.47840,6.53315,0.29085,-0.17173,0.79687,0.19369,0.54588,-0.26517,-1.27509,0.32251,
1403638615277829376,3.46168,6.41631,0.33317,-0.14633,0.79892,0.17245,0.55730,-0.23095,-1.26198,0.33232,
1403638615377829632,3.44629,6.30116,0.37212,-0.12461,0.80226,0.14734,0.56493,-0.22185,-1.25727,0.28844,
1403638615477829376,3.42942,6.18259,0.40260,-0.10413,0.80503,0.12153,0.57124,-0.21857,-1.23257,0.23036,
1403638615577829376,3.41138,6.06419,0.42596,-0.08692,0.80799,0.09706,0.57461,-0.22354,-1.21219,0.19308,
1403638615677829632,3.39090,5.94504,0.44465,-0.07372,0.80977,0.07963,0.57662,-0.23378,-1.18893,0.19262,
1403638615777829376,3.36898,5.82727,0.46738,-0.06616,0.81084,0.06704,0.57763,-0.24402,-1.17250,0.27278,
1403638615877829632,3.34353,5.70931,0.49696,-0.06111,0.81181,0.05522,0.57808,-0.27338,-1.17734,0.31105,
1403638615977829376,3.31840,5.59120,0.52454,-0.05400,0.81322,0.04333,0.57782,-0.28621,-1.18088,0.24711,
1403638616077829376,3.29431,5.47338,0.54635,-0.04522,0.81369,0.03124,0.57870,-0.29766,-1.18657,0.18048,
1403638616177829632,3.27063,5.35394,0.55644,-0.03575,0.81473,0.01731,0.57848,-0.30401,-1.19456,0.01949,
1403638616277829376,3.24620,5.23279,0.54960,-0.02539,0.81546,-0.00069,0.57825,-0.30018,-1.21053,-0.15231,
1403638616377829632,3.22111,5.11123,0.52765,-0.01238,0.81589,-0.01977,0.57773,-0.30612,-1.21508,-0.26762,
1403638616477829376,3.19572,4.98962,0.49711,-0.00211,0.81615,-0.03751,0.57662,-0.30832,-1.20667,-0.31868,
1403638616577829376,3.17026,4.86925,0.46114,0.00689,0.81763,-0.04998,0.57353,-0.30494,-1.20809,-0.35028,
1403638616677829632,3.14509,4.74833,0.42286,0.01209,0.82211,-0.05955,0.56608,-0.29395,-1.20073,-0.39200,
1403638616777829376,3.12307,4.62697,0.38092,0.00839,0.83045,-0.06990,0.55263,-0.25331,-1.20821,-0.42999,
1403638616877829632,3.10540,4.50444,0.33896,0.00399,0.83615,-0.07677,0.54309,-0.18178,-1.24545,-0.38769,
1403638616977829376,3.09356,4.37763,0.30552,0.00904,0.83447,-0.07446,0.54592,-0.09444,-1.30204,-0.26925,
1403638617077829376,3.08921,4.24732,0.28231,0.01465,0.83102,-0.06935,0.55171,-0.03420,-1.32745,-0.17424,
1403638617177829632,3.08840,4.11434,0.26841,0.02060,0.82840,-0.06232,0.55627,0.00722,-1.32496,-0.10061,
1403638617277829376,3.09175,3.98335,0.26028,0.02222,0.83095,-0.05766,0.55290,0.04772,-1.31294,-0.05234,
1403638617377829632,3.09915,3.85262,0.25774,0.02184,0.83509,-0.05481,0.54694,0.09833,-1.30115,0.01084,
1403638617477829376,3.11110,3.72342,0.26342,0.02159,0.83793,-0.05157,0.54290,0.14886,-1.27851,0.09559,
1403638617577829376,3.12901,3.59671,0.27620,0.02158,0.83874,-0.04868,0.54193,0.20852,-1.26236,0.16298,
1403638617677829632,3.15515,3.47234,0.29791,0.02278,0.83750,-0.04470,0.54413,0.29146,-1.24016,0.25063,
1403638617777829376,3.19008,3.35394,0.32686,0.02317,0.83598,-0.04216,0.54665,0.35842,-1.20891,0.31900,
1403638617877829632,3.22918,3.23989,0.36226,0.02439,0.83605,-0.03912,0.54671,0.41515,-1.17567,0.38895,
1403638617977829376,3.27290,3.12775,0.40135,0.02245,0.83504,-0.03886,0.54836,0.45601,-1.14147,0.37476,
1403638618077829376,3.32073,3.01648,0.43618,0.02173,0.83473,-0.03761,0.54894,0.49904,-1.11589,0.30563,
1403638618177829632,3.37292,2.91097,0.46427,0.01938,0.83487,-0.03754,0.54882,0.53896,-1.09453,0.24868,
1403638618277829376,3.42851,2.80592,0.48656,0.01989,0.83491,-0.03599,0.54885,0.56461,-1.06608,0.18358,
1403638618377829632,3.48665,2.70605,0.50525,0.01969,0.83422,-0.03502,0.54996,0.59933,-1.04044,0.15996,
1403638618477829376,3.54927,2.60734,0.52094,0.01945,0.83432,-0.03377,0.54990,0.63792,-1.00696,0.13425,
1403638618577829376,3.61567,2.51487,0.53577,0.02060,0.83336,-0.03311,0.55135,0.67191,-0.98376,0.12169,
1403638618677829632,3.68501,2.42127,0.54805,0.02449,0.83316,-0.03617,0.55130,0.71055,-0.95395,0.11807,
1403638618777829376,3.75926,2.33358,0.56476,0.02687,0.83245,-0.03917,0.55207,0.76293,-0.92182,0.17098,
1403638618877829632,3.83735,2.24893,0.58684,0.02981,0.83067,-0.04237,0.55435,0.78641,-0.89321,0.23445,
1403638618977829376,3.91788,2.16555,0.61071,0.03581,0.82645,-0.05119,0.55954,0.81213,-0.86664,0.18796,
1403638619077829376,3.99894,2.08182,0.62717,0.04775,0.82261,-0.06476,0.56288,0.81217,-0.84674,0.10558,
1403638619177829632,4.08060,2.00070,0.63526,0.06141,0.81867,-0.08353,0.56483,0.81500,-0.81207,0.03143,
1403638619277829376,4.16328,1.92368,0.63629,0.07548,0.81433,-0.10751,0.56534,0.82097,-0.78752,-0.05907,
1403638619377829632,4.24553,1.85001,0.62917,0.09182,0.80941,-0.13196,0.56481,0.80433,-0.74418,-0.13871,
1403638619477829376,4.32631,1.77993,0.61671,0.10252,0.80467,-0.15308,0.56442,0.80639,-0.70545,-0.16128,
1403638619577829376,4.40721,1.71325,0.60235,0.10921,0.80065,-0.16880,0.56439,0.80261,-0.66775,-0.19657,
1403638619677829632,4.48672,1.64963,0.58504,0.10573,0.79677,-0.18523,0.56539,0.78897,-0.65116,-0.22083,
1403638619777829376,4.56431,1.58551,0.56681,0.10230,0.79410,-0.19671,0.56590,0.76227,-0.66718,-0.22421,
1403638619877829632,4.63905,1.51881,0.54836,0.10223,0.79191,-0.20303,0.56675,0.72054,-0.68538,-0.23881,
1403638619977829376,4.70894,1.44876,0.52391,0.10366,0.79098,-0.20659,0.56650,0.67990,-0.72072,-0.25503,
1403638620077829376,4.77280,1.37658,0.50491,0.10605,0.78850,-0.20807,0.56897,0.62159,-0.75403,-0.19684,
1403638620177829632,4.83183,1.30019,0.48784,0.11073,0.78553,-0.20683,0.57262,0.56591,-0.77631,-0.12638,
1403638620277829376,4.88292,1.22271,0.48292,0.11346,0.78629,-0.20559,0.57149,0.49340,-0.79222,-0.04997,
1403638620377829632,4.92913,1.14424,0.48138,0.11622,0.78774,-0.20350,0.56969,0.43811,-0.79926,0.03163,
1403638620477829376,4.96680,1.06433,0.49209,0.11709,0.78909,-0.20132,0.56841,0.39415,-0.80798,0.06691,
1403638620577829376,5.00307,0.98509,0.49575,0.11670,0.79046,-0.19978,0.56713,0.36228,-0.81502,0.02173,
1403638620677829632,5.03510,0.90645,0.49436,0.11381,0.79297,-0.19965,0.56426,0.32706,-0.81636,-0.04165,
1403638620777829376,5.05969,0.82705,0.49244,0.11005,0.79642,-0.20002,0.56000,0.30034,-0.82425,-0.08307,
1403638620877829632,5.08693,0.74495,0.48170,0.11317,0.79965,-0.19560,0.55632,0.28192,-0.84210,-0.10664,
1403638620977829376,5.11208,0.66400,0.46820,0.11774,0.80035,-0.18969,0.55641,0.27606,-0.84178,-0.14633,
1403638621077829376,5.13067,0.58415,0.45735,0.12128,0.79898,-0.18436,0.55940,0.25765,-0.82899,-0.12038,
1403638621177829632,5.15589,0.50268,0.44715,0.12000,0.79783,-0.18245,0.56195,0.25610,-0.80958,-0.07106,
1403638621277829376,5.17727,0.42522,0.44884,0.12036,0.79681,-0.17987,0.56414,0.26441,-0.79451,0.02506,
1403638621377829632,5.20069,0.34900,0.44994,0.12204,0.79778,-0.17685,0.56337,0.24533,-0.76748,0.00350,
1403638621477829376,5.21829,0.27773,0.44959,0.12270,0.79608,-0.17476,0.56627,0.22422,-0.73379,-0.05672,
1403638621577829376,5.23911,0.20747,0.44054,0.12279,0.79399,-0.17258,0.56984,0.20546,-0.70466,-0.10652,
1403638621677829632,5.25510,0.14473,0.42805,0.12257,0.79306,-0.17145,0.57151,0.17171,-0.66510,-0.15419,
1403638621777829376,5.26981,0.08135,0.40968,0.12350,0.79148,-0.17009,0.57391,0.14606,-0.63801,-0.18841,
1403638621877829632,5.28071,0.02296,0.38883,0.12545,0.78812,-0.16816,0.57866,0.10018,-0.59400,-0.22256,
1403638621977829376,5.28565,-0.02330,0.36576,0.12619,0.78555,-0.16744,0.58219,0.06349,-0.54180,-0.25140,
1403638622077829376,5.28889,-0.07207,0.33825,0.12469,0.78510,-0.16857,0.58279,0.01870,-0.49928,-0.29469,
1403638622177829632,5.28655,-0.10975,0.30855,0.12181,0.78601,-0.17058,0.58160,-0.02802,-0.45125,-0.29255,
1403638622277829376,5.27959,-0.15056,0.28171,0.11897,0.78528,-0.17290,0.58248,-0.07876,-0.41264,-0.23355,
1403638622377829632,5.26682,-0.18775,0.26237,0.11953,0.78619,-0.17334,0.58101,-0.13968,-0.38492,-0.15041,
1403638622477829376,5.24797,-0.22208,0.25302,0.12298,0.78701,-0.17165,0.57968,-0.20780,-0.35491,-0.08145,
1403638622577829376,5.22418,-0.24731,0.25237,0.12656,0.78683,-0.17025,0.57956,-0.24190,-0.31260,-0.00433,
1403638622677829632,5.19782,-0.27523,0.25627,0.13033,0.78276,-0.16836,0.58477,-0.29658,-0.26841,0.10398,
1403638622777829376,5.16598,-0.29330,0.27706,0.13348,0.77181,-0.16689,0.59887,-0.32969,-0.21264,0.21458,
1403638622877829632,5.12884,-0.30941,0.29582,0.13520,0.76708,-0.16631,0.60470,-0.40363,-0.14913,0.20865,
1403638622977829376,5.08250,-0.31317,0.31920,0.13365,0.77098,-0.16889,0.59933,-0.48932,-0.07483,0.15671,
1403638623077829376,5.02691,-0.31596,0.33038,0.12970,0.77736,-0.17250,0.59088,-0.56861,-0.03190,0.10227,
1403638623177829632,4.96454,-0.31373,0.33691,0.12446,0.78114,-0.17633,0.58586,-0.64094,0.00956,0.05457,
1403638623277829376,4.89397,-0.30413,0.34122,0.12134,0.78438,-0.17897,0.58138,-0.68893,0.03585,0.00526,
1403638623377829632,4.82344,-0.29997,0.33854,0.11893,0.78692,-0.18073,0.57788,-0.72503,0.04780,-0.04129,
1403638623477829376,4.74694,-0.28986,0.33393,0.11963,0.78850,-0.18077,0.57557,-0.75468,0.06577,-0.05896,
1403638623577829376,4.67080,-0.28261,0.33048,0.12095,0.78871,-0.18007,0.57523,-0.78910,0.07472,0.01123,
1403638623677829632,4.58986,-0.27235,0.33533,0.12249,0.78918,-0.17971,0.57437,-0.81875,0.09432,0.08537,
1403638623777829376,4.50666,-0.26302,0.34651,0.12465,0.79027,-0.17944,0.57248,-0.85543,0.10975,0.13436,
1403638623877829632,4.41967,-0.25152,0.36316,0.12599,0.79138,-0.17952,0.57063,-0.90914,0.13259,0.14812,
1403638623977829376,4.32975,-0.23812,0.37729,0.12757,0.79238,-0.18007,0.56872,-0.91277,0.14929,0.10472,
1403638624077829376,4.23928,-0.22303,0.38661,0.12594,0.79251,-0.18287,0.56800,-0.92323,0.16777,0.04714,
1403638624177829632,4.14875,-0.20843,0.38993,0.12354,0.79219,-0.18542,0.56814,-0.93121,0.17228,-0.01141,
1403638624277829376,4.05657,-0.19215,0.38980,0.12151,0.79172,-0.18806,0.56837,-0.93601,0.17635,-0.04027,
1403638624377829632,3.96546,-0.17604,0.38590,0.12115,0.79118,-0.18982,0.56861,-0.93630,0.17418,-0.08326,
1403638624477829376,3.87562,-0.16297,0.37662,0.12252,0.79103,-0.19008,0.56845,-0.94457,0.16509,-0.11843,
1403638624577829376,3.77981,-0.14734,0.36471,0.11818,0.78264,-0.19465,0.57933,-0.96227,0.17123,-0.13594,
1403638624677829632,3.68300,-0.13244,0.35129,0.12006,0.77848,-0.19227,0.58531,-1.01178,0.16654,-0.13841,
1403638624777829376,3.58795,-0.11905,0.34117,0.12484,0.78481,-0.18249,0.57896,-1.04013,0.17954,-0.09108,
1403638624877829632,3.48131,-0.09969,0.33829,0.12618,0.79101,-0.17446,0.57266,-1.07355,0.20632,-0.00768,
1403638624977829376,3.38631,-0.08039,0.34355,0.11905,0.79435,-0.17260,0.57013,-1.06274,0.22229,0.04556,
1403638625077829376,3.28929,-0.06173,0.35035,0.11159,0.79542,-0.17191,0.57036,-1.04950,0.21906,0.01822,
1403638625177829632,3.19075,-0.04396,0.35329,0.10533,0.79641,-0.17224,0.57006,-1.04578,0.20878,-0.03194,
1403638625277829376,3.08513,-0.02478,0.34891,0.10343,0.79719,-0.17072,0.56978,-1.05099,0.19269,-0.06093,
1403638625377829632,2.98621,-0.00928,0.34739,0.10240,0.79749,-0.16985,0.56981,-1.03335,0.17213,-0.02801,
1403638625477829376,2.88145,0.00615,0.34789,0.10147,0.79695,-0.16945,0.57084,-1.04203,0.16147,0.03236,
1403638625577829376,2.77803,0.02103,0.35410,0.10214,0.79745,-0.16880,0.57021,-1.03563,0.14730,0.09410,
1403638625677829632,2.67718,0.03060,0.37078,0.10215,0.79918,-0.16881,0.56778,-1.01940,0.12630,0.16204,
1403638625777829376,2.57350,0.04237,0.38497,0.10084,0.80364,-0.17002,0.56133,-1.01766,0.11250,0.13659,
1403638625877829632,2.47150,0.05221,0.39498,0.10096,0.80622,-0.17054,0.55744,-0.98633,0.08982,0.09461,
1403638625977829376,2.36986,0.05647,0.40310,0.10177,0.80669,-0.17060,0.55659,-0.96885,0.06447,0.04395,
1403638626077829376,2.27343,0.06173,0.40393,0.10023,0.80791,-0.17240,0.55454,-0.94572,0.04531,-0.00345,
1403638626177829632,2.17462,0.06466,0.40085,0.10036,0.80825,-0.17278,0.55390,-0.92202,0.02554,-0.05079,
1403638626277829376,2.08335,0.06635,0.39355,0.10338,0.80686,-0.17134,0.55582,-0.90562,0.00068,-0.08808,
1403638626377829632,1.98621,0.06782,0.38317,0.11127,0.80513,-0.16598,0.55843,-0.88339,0.00507,-0.11410,
1403638626477829376,1.89964,0.06880,0.36991,0.11375,0.80401,-0.16377,0.56019,-0.86088,0.01275,-0.14937,
1403638626577829376,1.80696,0.07035,0.35460,0.11427,0.80635,-0.16288,0.55696,-0.84757,0.02485,-0.14323,
1403638626677829632,1.72451,0.07324,0.34009,0.11300,0.80827,-0.16342,0.55428,-0.80480,0.03724,-0.12271,
1403638626777829376,1.64503,0.07669,0.32926,0.11024,0.81212,-0.16523,0.54864,-0.75036,0.03339,-0.05841,
1403638626877829632,1.56432,0.07837,0.32601,0.10954,0.81484,-0.16498,0.54481,-0.69871,0.02431,0.02761,
1403638626977829376,1.49013,0.08008,0.32956,0.10875,0.81578,-0.16507,0.54353,-0.64093,0.01799,0.06079,
1403638627077829376,1.42525,0.08126,0.33179,0.10809,0.81595,-0.16464,0.54354,-0.59736,0.01586,0.01350,
1403638627177829632,1.36111,0.08236,0.32839,0.10736,0.81586,-0.16451,0.54386,-0.55768,0.00927,-0.02383,
1403638627277829376,1.30669,0.08182,0.32353,0.10866,0.81599,-0.16313,0.54382,-0.51084,-0.00743,-0.05377,
1403638627377829632,1.25613,0.08076,0.31602,0.11070,0.81547,-0.16118,0.54477,-0.46538,-0.01248,-0.07956,
1403638627477829376,1.21004,0.07907,0.30502,0.11087,0.81588,-0.16082,0.54423,-0.41278,-0.01247,-0.10190,
1403638627577829376,1.16839,0.07742,0.29291,0.11209,0.81480,-0.16033,0.54574,-0.37401,-0.01026,-0.10793,
1403638627677829632,1.12988,0.07754,0.27607,0.11424,0.81175,-0.15939,0.55010,-0.33372,-0.00792,-0.11711,
1403638627777829376,1.09772,0.07750,0.26232,0.11604,0.80999,-0.15842,0.55259,-0.30516,0.00820,-0.13570,
1403638627877829632,1.06723,0.07851,0.24718,0.11697,0.80939,-0.15834,0.55330,-0.28076,0.02281,-0.14975,
1403638627977829376,1.04017,0.08141,0.23273,0.11734,0.81138,-0.15845,0.55027,-0.25205,0.02989,-0.13810,
1403638628077829376,1.01564,0.08612,0.22123,0.11829,0.81250,-0.15867,0.54833,-0.22810,0.05147,-0.12465,
1403638628177829632,0.99517,0.09206,0.21069,0.11933,0.81314,-0.15912,0.54704,-0.18566,0.06663,-0.09735,
1403638628277829376,0.98030,0.09935,0.20120,0.11950,0.81340,-0.15980,0.54641,-0.14300,0.07296,-0.07511,
1403638628377829632,0.96703,0.10247,0.18738,0.11796,0.81382,-0.16114,0.54573,-0.10102,0.08674,-0.06056,
1403638628477829376,0.96083,0.11277,0.18387,0.11214,0.81096,-0.16581,0.54980,-0.05580,0.09263,-0.01833,
1403638628577829376,0.95633,0.12221,0.18297,0.10434,0.80370,-0.17141,0.56017,-0.04437,0.08856,0.00616,
1403638628677829632,0.95133,0.13104,0.18273,0.09900,0.79955,-0.17535,0.56583,-0.05669,0.07853,-0.00735,
1403638628777829376,0.94473,0.13598,0.17377,0.10081,0.80064,-0.17455,0.56423,-0.07851,0.04453,-0.05964,
1403638628877829632,0.93566,0.13995,0.16549,0.10522,0.80129,-0.17177,0.56334,-0.08013,0.01055,-0.11461,
1403638628977829376,0.92780,0.14239,0.15394,0.11011,0.80202,-0.16879,0.56228,-0.07893,0.01082,-0.10812,
1403638629077829376,0.92127,0.14472,0.14391,0.11486,0.80323,-0.16536,0.56061,-0.06580,0.01479,-0.07884,
1403638629177829632,0.89997,0.15131,0.13614,0.11724,0.80439,-0.16322,0.55908,-0.07090,0.03201,-0.05331,
1403638629277829376,0.89000,0.15733,0.13114,0.11788,0.80471,-0.16245,0.55871,-0.06811,0.04413,-0.02059,
1403638629377829632,0.88395,0.16363,0.12770,0.11861,0.80779,-0.16259,0.55405,-0.04701,0.06782,-0.01844,
1403638629477829376,0.87693,0.17294,0.12276,0.11706,0.81203,-0.16453,0.54757,-0.02899,0.08315,-0.01671,
1403638629577829376,0.87424,0.18214,0.12162,0.11345,0.81490,-0.16745,0.54317,0.01805,0.08273,-0.00293,
1403638629677829632,0.87833,0.18875,0.12243,0.10252,0.81252,-0.17592,0.54622,0.04583,0.06853,0.01860,
1403638629777829376,0.88480,0.19293,0.12592,0.09602,0.80673,-0.18119,0.55419,0.06610,0.02726,0.01806,
1403638629877829632,0.89242,0.19242,0.12522,0.09462,0.80029,-0.18278,0.56319,0.06555,-0.02079,-0.04161,
1403638629977829376,0.89837,0.18892,0.11637,0.10573,0.79496,-0.17581,0.57092,0.03709,-0.04764,-0.13111,
1403638630077829376,0.90059,0.18499,0.09780,0.11481,0.79168,-0.16958,0.57560,0.00334,-0.03405,-0.24438,
1403638630177829632,0.89975,0.18238,0.06960,0.11900,0.79458,-0.16613,0.57173,-0.03024,-0.00796,-0.31312,
1403638630277829376,0.89603,0.18213,0.03464,0.11975,0.79909,-0.16550,0.56544,-0.03625,0.00867,-0.37024,
1403638630377829632,0.89744,0.18429,0.00876,0.11528,0.81843,-0.16677,0.53765,0.09101,0.05070,-0.03476,
1403638630477829376,0.90706,0.18549,0.02085,0.11529,0.80051,-0.16482,0.56456,0.10084,0.00955,0.09301,
1403638630577829376,0.91687,0.18680,0.01917,0.11490,0.79975,-0.16576,0.56544,0.09584,0.01234,-0.10261,
1403638630677829632,0.92380,0.18834,-0.00270,0.11189,0.81871,-0.16300,0.53910,0.03285,-0.04036,-0.13726,
1403638630777829376,0.92228,0.18382,-0.00937,0.11434,0.82558,-0.15731,0.52971,-0.13556,-0.01938,-0.07978,
1403638630877829632,0.91512,0.18566,-0.01533,0.10973,0.82415,-0.15829,0.53262,-0.05846,0.01730,-0.05348,
1403638630977829376,0.90931,0.18654,-0.02010,0.10990,0.82392,-0.15854,0.53287,-0.06081,0.01779,-0.05456,
1403638631077829376,0.90189,0.18816,-0.02469,0.11047,0.82402,-0.15800,0.53275,-0.07005,0.01422,-0.04126,
1403638631177829632,0.89516,0.18995,-0.02918,0.11038,0.82402,-0.15817,0.53272,-0.08498,0.02005,-0.04778,
1403638631277829376,0.88784,0.19199,-0.03334,0.11026,0.82406,-0.15808,0.53271,-0.07328,0.01848,-0.04228,
1403638631377829632,0.88064,0.19396,-0.03724,0.10999,0.82410,-0.15822,0.53266,-0.07673,0.01991,-0.04347,
1403638631477829376,0.87372,0.19603,-0.04083,0.10975,0.82401,-0.15844,0.53278,-0.06984,0.01969,-0.03511,
1403638631577829376,0.86655,0.19822,-0.04440,0.10963,0.82397,-0.15844,0.53287,-0.07352,0.01977,-0.03608,
1403638631677829632,0.85982,0.20034,-0.04762,0.10931,0.82394,-0.15877,0.53288,-0.07598,0.02111,-0.03403,
